ISO-10303-21;
HEADER;
FILE_DESCRIPTION(('FreeCAD Model'),'2;1');
FILE_NAME('Open CASCADE Shape Model','2026-09-26T20:46:36',(''),(''),
  'Open CASCADE STEP processor 7.8','FreeCAD','Unknown');
FILE_SCHEMA(('AUTOMOTIVE_DESIGN { 1 0 10303 214 1 1 1 1 }'));
ENDSEC;
DATA;
#1 = APPLICATION_PROTOCOL_DEFINITION('international standard',
  'automotive_design',2000,#2);
#2 = APPLICATION_CONTEXT(
  'core data for automotive mechanical design processes');
#3 = SHAPE_DEFINITION_REPRESENTATION(#4,#10);
#4 = PRODUCT_DEFINITION_SHAPE('','',#5);
#5 = PRODUCT_DEFINITION('design','',#6,#9);
#6 = PRODUCT_DEFINITION_FORMATION('','',#7);
#7 = PRODUCT('MC','MC','',(#8));
#8 = PRODUCT_CONTEXT('',#2,'mechanical');
#9 = PRODUCT_DEFINITION_CONTEXT('part definition',#2,'design');
#10 = SHAPE_REPRESENTATION('',(#11,#15,#19),#23);
#11 = AXIS2_PLACEMENT_3D('',#12,#13,#14);
#12 = CARTESIAN_POINT('',(0.,0.,0.));
#13 = DIRECTION('',(0.,0.,1.));
#14 = DIRECTION('',(1.,0.,-0.));
#15 = AXIS2_PLACEMENT_3D('',#16,#17,#18);
#16 = CARTESIAN_POINT('',(0.,0.,0.));
#17 = DIRECTION('',(0.,0.,1.));
#18 = DIRECTION('',(1.,0.,0.));
#19 = AXIS2_PLACEMENT_3D('',#20,#21,#22);
#20 = CARTESIAN_POINT('',(-1.,0.,4.));
#21 = DIRECTION('',(0.,-1.224646799147E-16,-1.));
#22 = DIRECTION('',(1.,0.,0.));
#23 = ( GEOMETRIC_REPRESENTATION_CONTEXT(3) 
GLOBAL_UNCERTAINTY_ASSIGNED_CONTEXT((#27)) GLOBAL_UNIT_ASSIGNED_CONTEXT(
(#24,#25,#26)) REPRESENTATION_CONTEXT('Context #1',
  '3D Context with UNIT and UNCERTAINTY') );
#24 = ( LENGTH_UNIT() NAMED_UNIT(*) SI_UNIT(.MILLI.,.METRE.) );
#25 = ( NAMED_UNIT(*) PLANE_ANGLE_UNIT() SI_UNIT($,.RADIAN.) );
#26 = ( NAMED_UNIT(*) SI_UNIT($,.STERADIAN.) SOLID_ANGLE_UNIT() );
#27 = UNCERTAINTY_MEASURE_WITH_UNIT(LENGTH_MEASURE(1.E-04),#24,
  'distance_accuracy_value','confusion accuracy');
#28 = PRODUCT_RELATED_PRODUCT_CATEGORY('part',$,(#7));
#29 = SHAPE_DEFINITION_REPRESENTATION(#30,#36);
#30 = PRODUCT_DEFINITION_SHAPE('','',#31);
#31 = PRODUCT_DEFINITION('design','',#32,#35);
#32 = PRODUCT_DEFINITION_FORMATION('','',#33);
#33 = PRODUCT('Main body','Main body','',(#34));
#34 = PRODUCT_CONTEXT('',#2,'mechanical');
#35 = PRODUCT_DEFINITION_CONTEXT('part definition',#2,'design');
#36 = ADVANCED_BREP_SHAPE_REPRESENTATION('',(#11,#37),#4077);
#37 = MANIFOLD_SOLID_BREP('',#38);
#38 = CLOSED_SHELL('',(#39,#79,#112,#145,#196,#391,#478,#536,#553,#740,
    #752,#888,#905,#930,#1091,#1116,#1261,#1286,#1590,#1608,#1625,#1657,
    #1698,#1730,#1771,#1800,#1817,#1834,#1851,#1875,#1900,#1924,#1942,
    #1959,#1976,#1988,#2010,#2027,#2044,#2056,#2078,#2095,#2112,#2124,
    #2146,#2163,#2180,#2192,#2214,#2231,#2248,#2260,#2282,#2299,#2316,
    #2328,#2653,#2664,#2676,#2688,#2699,#2739,#2763,#2787,#2804,#2816,
    #2828,#2868,#2893,#2917,#2935,#2947,#2959,#2983,#3015,#3054,#3071,
    #3095,#3151,#3168,#3192,#3216,#3233,#3261,#3273,#3285,#3302,#3326,
    #3343,#3367,#3384,#3408,#3425,#3449,#3461,#3478,#3495,#3512,#3524,
    #3536,#3567,#3591,#3615,#3632,#3663,#3687,#3711,#3728,#3791,#3815,
    #3839,#3888,#3927,#3944,#3961,#3973,#3985,#3997,#4019,#4031,#4048,
    #4065));
#39 = ADVANCED_FACE('',(#40),#74,.F.);
#40 = FACE_BOUND('',#41,.F.);
#41 = EDGE_LOOP('',(#42,#52,#60,#68));
#42 = ORIENTED_EDGE('',*,*,#43,.T.);
#43 = EDGE_CURVE('',#44,#46,#48,.T.);
#44 = VERTEX_POINT('',#45);
#45 = CARTESIAN_POINT('',(128.,84.,0.));
#46 = VERTEX_POINT('',#47);
#47 = CARTESIAN_POINT('',(128.,84.,88.));
#48 = LINE('',#49,#50);
#49 = CARTESIAN_POINT('',(128.,84.,0.));
#50 = VECTOR('',#51,1.);
#51 = DIRECTION('',(0.,0.,1.));
#52 = ORIENTED_EDGE('',*,*,#53,.T.);
#53 = EDGE_CURVE('',#46,#54,#56,.T.);
#54 = VERTEX_POINT('',#55);
#55 = CARTESIAN_POINT('',(-5.7E-14,84.,88.));
#56 = LINE('',#57,#58);
#57 = CARTESIAN_POINT('',(128.,84.,88.));
#58 = VECTOR('',#59,1.);
#59 = DIRECTION('',(-1.,2.2E-16,0.));
#60 = ORIENTED_EDGE('',*,*,#61,.F.);
#61 = EDGE_CURVE('',#62,#54,#64,.T.);
#62 = VERTEX_POINT('',#63);
#63 = CARTESIAN_POINT('',(-5.7E-14,84.,0.));
#64 = LINE('',#65,#66);
#65 = CARTESIAN_POINT('',(-5.682E-14,84.,0.));
#66 = VECTOR('',#67,1.);
#67 = DIRECTION('',(0.,0.,1.));
#68 = ORIENTED_EDGE('',*,*,#69,.F.);
#69 = EDGE_CURVE('',#44,#62,#70,.T.);
#70 = LINE('',#71,#72);
#71 = CARTESIAN_POINT('',(128.,84.,0.));
#72 = VECTOR('',#73,1.);
#73 = DIRECTION('',(-1.,2.2E-16,0.));
#74 = PLANE('',#75);
#75 = AXIS2_PLACEMENT_3D('',#76,#77,#78);
#76 = CARTESIAN_POINT('',(128.,84.,0.));
#77 = DIRECTION('',(-2.2E-16,-1.,0.));
#78 = DIRECTION('',(-1.,2.2E-16,0.));
#79 = ADVANCED_FACE('',(#80),#107,.T.);
#80 = FACE_BOUND('',#81,.F.);
#81 = EDGE_LOOP('',(#82,#91,#92,#101));
#82 = ORIENTED_EDGE('',*,*,#83,.T.);
#83 = EDGE_CURVE('',#84,#46,#86,.T.);
#84 = VERTEX_POINT('',#85);
#85 = CARTESIAN_POINT('',(132.,80.,88.));
#86 = CIRCLE('',#87,4.);
#87 = AXIS2_PLACEMENT_3D('',#88,#89,#90);
#88 = CARTESIAN_POINT('',(128.,80.,88.));
#89 = DIRECTION('',(0.,0.,1.));
#90 = DIRECTION('',(-1.,-1.2E-16,0.));
#91 = ORIENTED_EDGE('',*,*,#43,.F.);
#92 = ORIENTED_EDGE('',*,*,#93,.F.);
#93 = EDGE_CURVE('',#94,#44,#96,.T.);
#94 = VERTEX_POINT('',#95);
#95 = CARTESIAN_POINT('',(132.,80.,0.));
#96 = CIRCLE('',#97,4.);
#97 = AXIS2_PLACEMENT_3D('',#98,#99,#100);
#98 = CARTESIAN_POINT('',(128.,80.,0.));
#99 = DIRECTION('',(0.,0.,1.));
#100 = DIRECTION('',(-1.,-1.2E-16,0.));
#101 = ORIENTED_EDGE('',*,*,#102,.T.);
#102 = EDGE_CURVE('',#94,#84,#103,.T.);
#103 = LINE('',#104,#105);
#104 = CARTESIAN_POINT('',(132.,80.,0.));
#105 = VECTOR('',#106,1.);
#106 = DIRECTION('',(0.,0.,1.));
#107 = CYLINDRICAL_SURFACE('',#108,4.);
#108 = AXIS2_PLACEMENT_3D('',#109,#110,#111);
#109 = CARTESIAN_POINT('',(128.,80.,0.));
#110 = DIRECTION('',(-0.,-0.,-1.));
#111 = DIRECTION('',(-1.,-1.2E-16,0.));
#112 = ADVANCED_FACE('',(#113),#140,.T.);
#113 = FACE_BOUND('',#114,.F.);
#114 = EDGE_LOOP('',(#115,#124,#132,#139));
#115 = ORIENTED_EDGE('',*,*,#116,.T.);
#116 = EDGE_CURVE('',#54,#117,#119,.T.);
#117 = VERTEX_POINT('',#118);
#118 = CARTESIAN_POINT('',(-4.,80.,88.));
#119 = CIRCLE('',#120,4.);
#120 = AXIS2_PLACEMENT_3D('',#121,#122,#123);
#121 = CARTESIAN_POINT('',(0.,80.,88.));
#122 = DIRECTION('',(-0.,0.,1.));
#123 = DIRECTION('',(1.1E-16,-1.,0.));
#124 = ORIENTED_EDGE('',*,*,#125,.F.);
#125 = EDGE_CURVE('',#126,#117,#128,.T.);
#126 = VERTEX_POINT('',#127);
#127 = CARTESIAN_POINT('',(-4.,80.,0.));
#128 = LINE('',#129,#130);
#129 = CARTESIAN_POINT('',(-4.,80.,0.));
#130 = VECTOR('',#131,1.);
#131 = DIRECTION('',(0.,0.,1.));
#132 = ORIENTED_EDGE('',*,*,#133,.F.);
#133 = EDGE_CURVE('',#62,#126,#134,.T.);
#134 = CIRCLE('',#135,4.);
#135 = AXIS2_PLACEMENT_3D('',#136,#137,#138);
#136 = CARTESIAN_POINT('',(0.,80.,0.));
#137 = DIRECTION('',(-0.,0.,1.));
#138 = DIRECTION('',(1.1E-16,-1.,0.));
#139 = ORIENTED_EDGE('',*,*,#61,.T.);
#140 = CYLINDRICAL_SURFACE('',#141,4.);
#141 = AXIS2_PLACEMENT_3D('',#142,#143,#144);
#142 = CARTESIAN_POINT('',(0.,80.,0.));
#143 = DIRECTION('',(0.,0.,-1.));
#144 = DIRECTION('',(1.1E-16,-1.,0.));
#145 = ADVANCED_FACE('',(#146),#191,.T.);
#146 = FACE_BOUND('',#147,.T.);
#147 = EDGE_LOOP('',(#148,#149,#150,#158,#167,#175,#184,#190));
#148 = ORIENTED_EDGE('',*,*,#69,.F.);
#149 = ORIENTED_EDGE('',*,*,#93,.F.);
#150 = ORIENTED_EDGE('',*,*,#151,.F.);
#151 = EDGE_CURVE('',#152,#94,#154,.T.);
#152 = VERTEX_POINT('',#153);
#153 = CARTESIAN_POINT('',(132.,-1.E-15,0.));
#154 = LINE('',#155,#156);
#155 = CARTESIAN_POINT('',(132.,-1.18E-15,0.));
#156 = VECTOR('',#157,1.);
#157 = DIRECTION('',(0.,1.,0.));
#158 = ORIENTED_EDGE('',*,*,#159,.F.);
#159 = EDGE_CURVE('',#160,#152,#162,.T.);
#160 = VERTEX_POINT('',#161);
#161 = CARTESIAN_POINT('',(128.,-4.,0.));
#162 = CIRCLE('',#163,4.);
#163 = AXIS2_PLACEMENT_3D('',#164,#165,#166);
#164 = CARTESIAN_POINT('',(128.,0.,0.));
#165 = DIRECTION('',(0.,-0.,1.));
#166 = DIRECTION('',(1.1E-16,1.,0.));
#167 = ORIENTED_EDGE('',*,*,#168,.F.);
#168 = EDGE_CURVE('',#169,#160,#171,.T.);
#169 = VERTEX_POINT('',#170);
#170 = CARTESIAN_POINT('',(-5.8E-14,-4.,0.));
#171 = LINE('',#172,#173);
#172 = CARTESIAN_POINT('',(-5.76E-14,-4.,0.));
#173 = VECTOR('',#174,1.);
#174 = DIRECTION('',(1.,1.8E-16,0.));
#175 = ORIENTED_EDGE('',*,*,#176,.F.);
#176 = EDGE_CURVE('',#177,#169,#179,.T.);
#177 = VERTEX_POINT('',#178);
#178 = CARTESIAN_POINT('',(-4.,0.,0.));
#179 = CIRCLE('',#180,4.);
#180 = AXIS2_PLACEMENT_3D('',#181,#182,#183);
#181 = CARTESIAN_POINT('',(0.,0.,0.));
#182 = DIRECTION('',(0.,0.,1.));
#183 = DIRECTION('',(1.,0.,0.));
#184 = ORIENTED_EDGE('',*,*,#185,.T.);
#185 = EDGE_CURVE('',#177,#126,#186,.T.);
#186 = LINE('',#187,#188);
#187 = CARTESIAN_POINT('',(-4.,4.9E-16,0.));
#188 = VECTOR('',#189,1.);
#189 = DIRECTION('',(0.,1.,0.));
#190 = ORIENTED_EDGE('',*,*,#133,.F.);
#191 = PLANE('',#192);
#192 = AXIS2_PLACEMENT_3D('',#193,#194,#195);
#193 = CARTESIAN_POINT('',(64.,40.,0.));
#194 = DIRECTION('',(-0.,-0.,-1.));
#195 = DIRECTION('',(-1.,0.,0.));
#196 = ADVANCED_FACE('',(#197,#342,#353,#364,#375),#386,.T.);
#197 = FACE_BOUND('',#198,.T.);
#198 = EDGE_LOOP('',(#199,#209,#218,#226,#235,#243,#252,#260,#269,#277,
    #285,#293,#302,#310,#319,#325,#326,#327,#328,#336));
#199 = ORIENTED_EDGE('',*,*,#200,.T.);
#200 = EDGE_CURVE('',#201,#203,#205,.T.);
#201 = VERTEX_POINT('',#202);
#202 = CARTESIAN_POINT('',(-1.3E-14,45.,88.));
#203 = VERTEX_POINT('',#204);
#204 = CARTESIAN_POINT('',(-1.53E-13,76.,88.));
#205 = LINE('',#206,#207);
#206 = CARTESIAN_POINT('',(0.,0.,88.));
#207 = VECTOR('',#208,1.);
#208 = DIRECTION('',(0.,1.,0.));
#209 = ORIENTED_EDGE('',*,*,#210,.T.);
#210 = EDGE_CURVE('',#203,#211,#213,.T.);
#211 = VERTEX_POINT('',#212);
#212 = CARTESIAN_POINT('',(4.,80.,88.));
#213 = CIRCLE('',#214,4.);
#214 = AXIS2_PLACEMENT_3D('',#215,#216,#217);
#215 = CARTESIAN_POINT('',(0.,80.,88.));
#216 = DIRECTION('',(0.,0.,1.));
#217 = DIRECTION('',(1.,0.,0.));
#218 = ORIENTED_EDGE('',*,*,#219,.F.);
#219 = EDGE_CURVE('',#220,#211,#222,.T.);
#220 = VERTEX_POINT('',#221);
#221 = CARTESIAN_POINT('',(124.,80.,88.));
#222 = LINE('',#223,#224);
#223 = CARTESIAN_POINT('',(128.,80.,88.));
#224 = VECTOR('',#225,1.);
#225 = DIRECTION('',(-1.,0.,0.));
#226 = ORIENTED_EDGE('',*,*,#227,.T.);
#227 = EDGE_CURVE('',#220,#228,#230,.T.);
#228 = VERTEX_POINT('',#229);
#229 = CARTESIAN_POINT('',(128.,76.,88.));
#230 = CIRCLE('',#231,4.);
#231 = AXIS2_PLACEMENT_3D('',#232,#233,#234);
#232 = CARTESIAN_POINT('',(128.,80.,88.));
#233 = DIRECTION('',(0.,0.,1.));
#234 = DIRECTION('',(1.,0.,0.));
#235 = ORIENTED_EDGE('',*,*,#236,.F.);
#236 = EDGE_CURVE('',#237,#228,#239,.T.);
#237 = VERTEX_POINT('',#238);
#238 = CARTESIAN_POINT('',(128.,4.,88.));
#239 = LINE('',#240,#241);
#240 = CARTESIAN_POINT('',(128.,0.,88.));
#241 = VECTOR('',#242,1.);
#242 = DIRECTION('',(0.,1.,0.));
#243 = ORIENTED_EDGE('',*,*,#244,.T.);
#244 = EDGE_CURVE('',#237,#245,#247,.T.);
#245 = VERTEX_POINT('',#246);
#246 = CARTESIAN_POINT('',(124.,1.04E-13,88.));
#247 = CIRCLE('',#248,4.);
#248 = AXIS2_PLACEMENT_3D('',#249,#250,#251);
#249 = CARTESIAN_POINT('',(128.,0.,88.));
#250 = DIRECTION('',(0.,0.,1.));
#251 = DIRECTION('',(1.,0.,0.));
#252 = ORIENTED_EDGE('',*,*,#253,.F.);
#253 = EDGE_CURVE('',#254,#245,#256,.T.);
#254 = VERTEX_POINT('',#255);
#255 = CARTESIAN_POINT('',(4.,0.,88.));
#256 = LINE('',#257,#258);
#257 = CARTESIAN_POINT('',(0.,0.,88.));
#258 = VECTOR('',#259,1.);
#259 = DIRECTION('',(1.,0.,0.));
#260 = ORIENTED_EDGE('',*,*,#261,.T.);
#261 = EDGE_CURVE('',#254,#262,#264,.T.);
#262 = VERTEX_POINT('',#263);
#263 = CARTESIAN_POINT('',(-1.54E-13,4.,88.));
#264 = CIRCLE('',#265,4.);
#265 = AXIS2_PLACEMENT_3D('',#266,#267,#268);
#266 = CARTESIAN_POINT('',(0.,0.,88.));
#267 = DIRECTION('',(0.,0.,1.));
#268 = DIRECTION('',(1.,0.,0.));
#269 = ORIENTED_EDGE('',*,*,#270,.T.);
#270 = EDGE_CURVE('',#262,#271,#273,.T.);
#271 = VERTEX_POINT('',#272);
#272 = CARTESIAN_POINT('',(-1.3E-14,35.,88.));
#273 = LINE('',#274,#275);
#274 = CARTESIAN_POINT('',(0.,0.,88.));
#275 = VECTOR('',#276,1.);
#276 = DIRECTION('',(0.,1.,0.));
#277 = ORIENTED_EDGE('',*,*,#278,.F.);
#278 = EDGE_CURVE('',#279,#271,#281,.T.);
#279 = VERTEX_POINT('',#280);
#280 = CARTESIAN_POINT('',(-4.,35.,88.));
#281 = LINE('',#282,#283);
#282 = CARTESIAN_POINT('',(-4.,35.,88.));
#283 = VECTOR('',#284,1.);
#284 = DIRECTION('',(1.,0.,0.));
#285 = ORIENTED_EDGE('',*,*,#286,.F.);
#286 = EDGE_CURVE('',#287,#279,#289,.T.);
#287 = VERTEX_POINT('',#288);
#288 = CARTESIAN_POINT('',(-4.,0.,88.));
#289 = LINE('',#290,#291);
#290 = CARTESIAN_POINT('',(-4.,4.9E-16,88.));
#291 = VECTOR('',#292,1.);
#292 = DIRECTION('',(0.,1.,0.));
#293 = ORIENTED_EDGE('',*,*,#294,.T.);
#294 = EDGE_CURVE('',#287,#295,#297,.T.);
#295 = VERTEX_POINT('',#296);
#296 = CARTESIAN_POINT('',(-5.8E-14,-4.,88.));
#297 = CIRCLE('',#298,4.);
#298 = AXIS2_PLACEMENT_3D('',#299,#300,#301);
#299 = CARTESIAN_POINT('',(0.,0.,88.));
#300 = DIRECTION('',(0.,0.,1.));
#301 = DIRECTION('',(1.,0.,0.));
#302 = ORIENTED_EDGE('',*,*,#303,.T.);
#303 = EDGE_CURVE('',#295,#304,#306,.T.);
#304 = VERTEX_POINT('',#305);
#305 = CARTESIAN_POINT('',(128.,-4.,88.));
#306 = LINE('',#307,#308);
#307 = CARTESIAN_POINT('',(-5.76E-14,-4.,88.));
#308 = VECTOR('',#309,1.);
#309 = DIRECTION('',(1.,1.8E-16,0.));
#310 = ORIENTED_EDGE('',*,*,#311,.T.);
#311 = EDGE_CURVE('',#304,#312,#314,.T.);
#312 = VERTEX_POINT('',#313);
#313 = CARTESIAN_POINT('',(132.,-1.E-15,88.));
#314 = CIRCLE('',#315,4.);
#315 = AXIS2_PLACEMENT_3D('',#316,#317,#318);
#316 = CARTESIAN_POINT('',(128.,0.,88.));
#317 = DIRECTION('',(0.,-0.,1.));
#318 = DIRECTION('',(1.1E-16,1.,0.));
#319 = ORIENTED_EDGE('',*,*,#320,.T.);
#320 = EDGE_CURVE('',#312,#84,#321,.T.);
#321 = LINE('',#322,#323);
#322 = CARTESIAN_POINT('',(132.,-1.18E-15,88.));
#323 = VECTOR('',#324,1.);
#324 = DIRECTION('',(0.,1.,0.));
#325 = ORIENTED_EDGE('',*,*,#83,.T.);
#326 = ORIENTED_EDGE('',*,*,#53,.T.);
#327 = ORIENTED_EDGE('',*,*,#116,.T.);
#328 = ORIENTED_EDGE('',*,*,#329,.F.);
#329 = EDGE_CURVE('',#330,#117,#332,.T.);
#330 = VERTEX_POINT('',#331);
#331 = CARTESIAN_POINT('',(-4.,45.,88.));
#332 = LINE('',#333,#334);
#333 = CARTESIAN_POINT('',(-4.,4.9E-16,88.));
#334 = VECTOR('',#335,1.);
#335 = DIRECTION('',(0.,1.,0.));
#336 = ORIENTED_EDGE('',*,*,#337,.T.);
#337 = EDGE_CURVE('',#330,#201,#338,.T.);
#338 = LINE('',#339,#340);
#339 = CARTESIAN_POINT('',(-4.,45.,88.));
#340 = VECTOR('',#341,1.);
#341 = DIRECTION('',(1.,0.,0.));
#342 = FACE_BOUND('',#343,.T.);
#343 = EDGE_LOOP('',(#344));
#344 = ORIENTED_EDGE('',*,*,#345,.F.);
#345 = EDGE_CURVE('',#346,#346,#348,.T.);
#346 = VERTEX_POINT('',#347);
#347 = CARTESIAN_POINT('',(1.4,0.,88.));
#348 = CIRCLE('',#349,1.4);
#349 = AXIS2_PLACEMENT_3D('',#350,#351,#352);
#350 = CARTESIAN_POINT('',(0.,0.,88.));
#351 = DIRECTION('',(0.,0.,1.));
#352 = DIRECTION('',(1.,0.,0.));
#353 = FACE_BOUND('',#354,.T.);
#354 = EDGE_LOOP('',(#355));
#355 = ORIENTED_EDGE('',*,*,#356,.F.);
#356 = EDGE_CURVE('',#357,#357,#359,.T.);
#357 = VERTEX_POINT('',#358);
#358 = CARTESIAN_POINT('',(129.4,0.,88.));
#359 = CIRCLE('',#360,1.4);
#360 = AXIS2_PLACEMENT_3D('',#361,#362,#363);
#361 = CARTESIAN_POINT('',(128.,0.,88.));
#362 = DIRECTION('',(0.,0.,1.));
#363 = DIRECTION('',(1.,0.,0.));
#364 = FACE_BOUND('',#365,.T.);
#365 = EDGE_LOOP('',(#366));
#366 = ORIENTED_EDGE('',*,*,#367,.F.);
#367 = EDGE_CURVE('',#368,#368,#370,.T.);
#368 = VERTEX_POINT('',#369);
#369 = CARTESIAN_POINT('',(1.4,80.,88.));
#370 = CIRCLE('',#371,1.4);
#371 = AXIS2_PLACEMENT_3D('',#372,#373,#374);
#372 = CARTESIAN_POINT('',(0.,80.,88.));
#373 = DIRECTION('',(0.,0.,1.));
#374 = DIRECTION('',(1.,0.,0.));
#375 = FACE_BOUND('',#376,.T.);
#376 = EDGE_LOOP('',(#377));
#377 = ORIENTED_EDGE('',*,*,#378,.F.);
#378 = EDGE_CURVE('',#379,#379,#381,.T.);
#379 = VERTEX_POINT('',#380);
#380 = CARTESIAN_POINT('',(129.4,80.,88.));
#381 = CIRCLE('',#382,1.4);
#382 = AXIS2_PLACEMENT_3D('',#383,#384,#385);
#383 = CARTESIAN_POINT('',(128.,80.,88.));
#384 = DIRECTION('',(0.,0.,1.));
#385 = DIRECTION('',(1.,0.,0.));
#386 = PLANE('',#387);
#387 = AXIS2_PLACEMENT_3D('',#388,#389,#390);
#388 = CARTESIAN_POINT('',(64.945453474412,40.,88.));
#389 = DIRECTION('',(0.,0.,1.));
#390 = DIRECTION('',(1.,0.,0.));
#391 = ADVANCED_FACE('',(#392,#403),#473,.F.);
#392 = FACE_BOUND('',#393,.F.);
#393 = EDGE_LOOP('',(#394,#400,#401,#402));
#394 = ORIENTED_EDGE('',*,*,#395,.T.);
#395 = EDGE_CURVE('',#152,#312,#396,.T.);
#396 = LINE('',#397,#398);
#397 = CARTESIAN_POINT('',(132.,-1.18E-15,0.));
#398 = VECTOR('',#399,1.);
#399 = DIRECTION('',(0.,0.,1.));
#400 = ORIENTED_EDGE('',*,*,#320,.T.);
#401 = ORIENTED_EDGE('',*,*,#102,.F.);
#402 = ORIENTED_EDGE('',*,*,#151,.F.);
#403 = FACE_BOUND('',#404,.F.);
#404 = EDGE_LOOP('',(#405,#415,#424,#432,#441,#449,#458,#466));
#405 = ORIENTED_EDGE('',*,*,#406,.F.);
#406 = EDGE_CURVE('',#407,#409,#411,.T.);
#407 = VERTEX_POINT('',#408);
#408 = CARTESIAN_POINT('',(132.,31.1,4.));
#409 = VERTEX_POINT('',#410);
#410 = CARTESIAN_POINT('',(132.,31.1,11.));
#411 = LINE('',#412,#413);
#412 = CARTESIAN_POINT('',(132.,31.1,4.));
#413 = VECTOR('',#414,1.);
#414 = DIRECTION('',(0.,0.,1.));
#415 = ORIENTED_EDGE('',*,*,#416,.T.);
#416 = EDGE_CURVE('',#407,#417,#419,.T.);
#417 = VERTEX_POINT('',#418);
#418 = CARTESIAN_POINT('',(132.,32.1,3.));
#419 = CIRCLE('',#420,1.);
#420 = AXIS2_PLACEMENT_3D('',#421,#422,#423);
#421 = CARTESIAN_POINT('',(132.,32.1,4.));
#422 = DIRECTION('',(1.,0.,0.));
#423 = DIRECTION('',(0.,1.,0.));
#424 = ORIENTED_EDGE('',*,*,#425,.F.);
#425 = EDGE_CURVE('',#426,#417,#428,.T.);
#426 = VERTEX_POINT('',#427);
#427 = CARTESIAN_POINT('',(132.,47.9,3.));
#428 = LINE('',#429,#430);
#429 = CARTESIAN_POINT('',(132.,47.9,3.));
#430 = VECTOR('',#431,1.);
#431 = DIRECTION('',(0.,-1.,0.));
#432 = ORIENTED_EDGE('',*,*,#433,.T.);
#433 = EDGE_CURVE('',#426,#434,#436,.T.);
#434 = VERTEX_POINT('',#435);
#435 = CARTESIAN_POINT('',(132.,48.9,4.));
#436 = CIRCLE('',#437,1.);
#437 = AXIS2_PLACEMENT_3D('',#438,#439,#440);
#438 = CARTESIAN_POINT('',(132.,47.9,4.));
#439 = DIRECTION('',(1.,0.,-0.));
#440 = DIRECTION('',(0.,1.1E-16,1.));
#441 = ORIENTED_EDGE('',*,*,#442,.F.);
#442 = EDGE_CURVE('',#443,#434,#445,.T.);
#443 = VERTEX_POINT('',#444);
#444 = CARTESIAN_POINT('',(132.,48.9,11.));
#445 = LINE('',#446,#447);
#446 = CARTESIAN_POINT('',(132.,48.9,11.));
#447 = VECTOR('',#448,1.);
#448 = DIRECTION('',(0.,0.,-1.));
#449 = ORIENTED_EDGE('',*,*,#450,.T.);
#450 = EDGE_CURVE('',#443,#451,#453,.T.);
#451 = VERTEX_POINT('',#452);
#452 = CARTESIAN_POINT('',(132.,47.9,12.));
#453 = CIRCLE('',#454,1.);
#454 = AXIS2_PLACEMENT_3D('',#455,#456,#457);
#455 = CARTESIAN_POINT('',(132.,47.9,11.));
#456 = DIRECTION('',(1.,0.,0.));
#457 = DIRECTION('',(0.,-1.,-1.2E-16));
#458 = ORIENTED_EDGE('',*,*,#459,.F.);
#459 = EDGE_CURVE('',#460,#451,#462,.T.);
#460 = VERTEX_POINT('',#461);
#461 = CARTESIAN_POINT('',(132.,32.1,12.));
#462 = LINE('',#463,#464);
#463 = CARTESIAN_POINT('',(132.,32.1,12.));
#464 = VECTOR('',#465,1.);
#465 = DIRECTION('',(0.,1.,0.));
#466 = ORIENTED_EDGE('',*,*,#467,.T.);
#467 = EDGE_CURVE('',#460,#409,#468,.T.);
#468 = CIRCLE('',#469,1.);
#469 = AXIS2_PLACEMENT_3D('',#470,#471,#472);
#470 = CARTESIAN_POINT('',(132.,32.1,11.));
#471 = DIRECTION('',(1.,-0.,0.));
#472 = DIRECTION('',(0.,1.1E-16,-1.));
#473 = PLANE('',#474);
#474 = AXIS2_PLACEMENT_3D('',#475,#476,#477);
#475 = CARTESIAN_POINT('',(132.,-1.18E-15,0.));
#476 = DIRECTION('',(-1.,0.,0.));
#477 = DIRECTION('',(0.,1.,0.));
#478 = ADVANCED_FACE('',(#479),#531,.T.);
#479 = FACE_BOUND('',#480,.T.);
#480 = EDGE_LOOP('',(#481,#482,#488,#489,#497,#506,#514,#523,#529,#530)
  );
#481 = ORIENTED_EDGE('',*,*,#185,.F.);
#482 = ORIENTED_EDGE('',*,*,#483,.T.);
#483 = EDGE_CURVE('',#177,#287,#484,.T.);
#484 = LINE('',#485,#486);
#485 = CARTESIAN_POINT('',(-4.,4.9E-16,0.));
#486 = VECTOR('',#487,1.);
#487 = DIRECTION('',(0.,0.,1.));
#488 = ORIENTED_EDGE('',*,*,#286,.T.);
#489 = ORIENTED_EDGE('',*,*,#490,.F.);
#490 = EDGE_CURVE('',#491,#279,#493,.T.);
#491 = VERTEX_POINT('',#492);
#492 = CARTESIAN_POINT('',(-4.,35.,84.));
#493 = LINE('',#494,#495);
#494 = CARTESIAN_POINT('',(-4.,35.,84.));
#495 = VECTOR('',#496,1.);
#496 = DIRECTION('',(0.,0.,1.));
#497 = ORIENTED_EDGE('',*,*,#498,.F.);
#498 = EDGE_CURVE('',#499,#491,#501,.T.);
#499 = VERTEX_POINT('',#500);
#500 = CARTESIAN_POINT('',(-4.,37.,82.));
#501 = CIRCLE('',#502,2.);
#502 = AXIS2_PLACEMENT_3D('',#503,#504,#505);
#503 = CARTESIAN_POINT('',(-4.,37.,84.));
#504 = DIRECTION('',(-1.,0.,0.));
#505 = DIRECTION('',(0.,-1.,0.));
#506 = ORIENTED_EDGE('',*,*,#507,.F.);
#507 = EDGE_CURVE('',#508,#499,#510,.T.);
#508 = VERTEX_POINT('',#509);
#509 = CARTESIAN_POINT('',(-4.,43.,82.));
#510 = LINE('',#511,#512);
#511 = CARTESIAN_POINT('',(-4.,43.,82.));
#512 = VECTOR('',#513,1.);
#513 = DIRECTION('',(0.,-1.,0.));
#514 = ORIENTED_EDGE('',*,*,#515,.F.);
#515 = EDGE_CURVE('',#516,#508,#518,.T.);
#516 = VERTEX_POINT('',#517);
#517 = CARTESIAN_POINT('',(-4.,45.,84.));
#518 = CIRCLE('',#519,2.);
#519 = AXIS2_PLACEMENT_3D('',#520,#521,#522);
#520 = CARTESIAN_POINT('',(-4.,43.,84.));
#521 = DIRECTION('',(-1.,0.,0.));
#522 = DIRECTION('',(0.,-1.,0.));
#523 = ORIENTED_EDGE('',*,*,#524,.F.);
#524 = EDGE_CURVE('',#330,#516,#525,.T.);
#525 = LINE('',#526,#527);
#526 = CARTESIAN_POINT('',(-4.,45.,88.));
#527 = VECTOR('',#528,1.);
#528 = DIRECTION('',(0.,0.,-1.));
#529 = ORIENTED_EDGE('',*,*,#329,.T.);
#530 = ORIENTED_EDGE('',*,*,#125,.F.);
#531 = PLANE('',#532);
#532 = AXIS2_PLACEMENT_3D('',#533,#534,#535);
#533 = CARTESIAN_POINT('',(-4.,4.9E-16,0.));
#534 = DIRECTION('',(-1.,0.,0.));
#535 = DIRECTION('',(0.,1.,0.));
#536 = ADVANCED_FACE('',(#537),#548,.T.);
#537 = FACE_BOUND('',#538,.F.);
#538 = EDGE_LOOP('',(#539,#540,#541,#542));
#539 = ORIENTED_EDGE('',*,*,#311,.T.);
#540 = ORIENTED_EDGE('',*,*,#395,.F.);
#541 = ORIENTED_EDGE('',*,*,#159,.F.);
#542 = ORIENTED_EDGE('',*,*,#543,.T.);
#543 = EDGE_CURVE('',#160,#304,#544,.T.);
#544 = LINE('',#545,#546);
#545 = CARTESIAN_POINT('',(128.,-4.,0.));
#546 = VECTOR('',#547,1.);
#547 = DIRECTION('',(0.,0.,1.));
#548 = CYLINDRICAL_SURFACE('',#549,4.);
#549 = AXIS2_PLACEMENT_3D('',#550,#551,#552);
#550 = CARTESIAN_POINT('',(128.,0.,0.));
#551 = DIRECTION('',(0.,0.,-1.));
#552 = DIRECTION('',(1.1E-16,1.,0.));
#553 = ADVANCED_FACE('',(#554,#565,#599,#633,#667,#701),#735,.F.);
#554 = FACE_BOUND('',#555,.F.);
#555 = EDGE_LOOP('',(#556,#562,#563,#564));
#556 = ORIENTED_EDGE('',*,*,#557,.T.);
#557 = EDGE_CURVE('',#169,#295,#558,.T.);
#558 = LINE('',#559,#560);
#559 = CARTESIAN_POINT('',(-5.759E-14,-4.,0.));
#560 = VECTOR('',#561,1.);
#561 = DIRECTION('',(0.,0.,1.));
#562 = ORIENTED_EDGE('',*,*,#303,.T.);
#563 = ORIENTED_EDGE('',*,*,#543,.F.);
#564 = ORIENTED_EDGE('',*,*,#168,.F.);
#565 = FACE_BOUND('',#566,.F.);
#566 = EDGE_LOOP('',(#567,#577,#585,#593));
#567 = ORIENTED_EDGE('',*,*,#568,.F.);
#568 = EDGE_CURVE('',#569,#571,#573,.T.);
#569 = VERTEX_POINT('',#570);
#570 = CARTESIAN_POINT('',(107.,-4.,54.));
#571 = VERTEX_POINT('',#572);
#572 = CARTESIAN_POINT('',(105.,-4.,54.));
#573 = LINE('',#574,#575);
#574 = CARTESIAN_POINT('',(53.5,-4.,54.));
#575 = VECTOR('',#576,1.);
#576 = DIRECTION('',(-1.,-1.8E-16,0.));
#577 = ORIENTED_EDGE('',*,*,#578,.F.);
#578 = EDGE_CURVE('',#579,#569,#581,.T.);
#579 = VERTEX_POINT('',#580);
#580 = CARTESIAN_POINT('',(107.,-4.,74.));
#581 = LINE('',#582,#583);
#582 = CARTESIAN_POINT('',(107.,-4.,37.));
#583 = VECTOR('',#584,1.);
#584 = DIRECTION('',(0.,0.,-1.));
#585 = ORIENTED_EDGE('',*,*,#586,.F.);
#586 = EDGE_CURVE('',#587,#579,#589,.T.);
#587 = VERTEX_POINT('',#588);
#588 = CARTESIAN_POINT('',(105.,-4.,74.));
#589 = LINE('',#590,#591);
#590 = CARTESIAN_POINT('',(52.5,-4.,74.));
#591 = VECTOR('',#592,1.);
#592 = DIRECTION('',(1.,1.8E-16,-0.));
#593 = ORIENTED_EDGE('',*,*,#594,.F.);
#594 = EDGE_CURVE('',#571,#587,#595,.T.);
#595 = LINE('',#596,#597);
#596 = CARTESIAN_POINT('',(105.,-4.,27.));
#597 = VECTOR('',#598,1.);
#598 = DIRECTION('',(0.,0.,1.));
#599 = FACE_BOUND('',#600,.F.);
#600 = EDGE_LOOP('',(#601,#611,#619,#627));
#601 = ORIENTED_EDGE('',*,*,#602,.F.);
#602 = EDGE_CURVE('',#603,#605,#607,.T.);
#603 = VERTEX_POINT('',#604);
#604 = CARTESIAN_POINT('',(119.,-4.,54.));
#605 = VERTEX_POINT('',#606);
#606 = CARTESIAN_POINT('',(117.,-4.,54.));
#607 = LINE('',#608,#609);
#608 = CARTESIAN_POINT('',(59.5,-4.,54.));
#609 = VECTOR('',#610,1.);
#610 = DIRECTION('',(-1.,-1.8E-16,0.));
#611 = ORIENTED_EDGE('',*,*,#612,.F.);
#612 = EDGE_CURVE('',#613,#603,#615,.T.);
#613 = VERTEX_POINT('',#614);
#614 = CARTESIAN_POINT('',(119.,-4.,74.));
#615 = LINE('',#616,#617);
#616 = CARTESIAN_POINT('',(119.,-4.,37.));
#617 = VECTOR('',#618,1.);
#618 = DIRECTION('',(0.,0.,-1.));
#619 = ORIENTED_EDGE('',*,*,#620,.F.);
#620 = EDGE_CURVE('',#621,#613,#623,.T.);
#621 = VERTEX_POINT('',#622);
#622 = CARTESIAN_POINT('',(117.,-4.,74.));
#623 = LINE('',#624,#625);
#624 = CARTESIAN_POINT('',(58.5,-4.,74.));
#625 = VECTOR('',#626,1.);
#626 = DIRECTION('',(1.,1.8E-16,-0.));
#627 = ORIENTED_EDGE('',*,*,#628,.F.);
#628 = EDGE_CURVE('',#605,#621,#629,.T.);
#629 = LINE('',#630,#631);
#630 = CARTESIAN_POINT('',(117.,-4.,27.));
#631 = VECTOR('',#632,1.);
#632 = DIRECTION('',(0.,0.,1.));
#633 = FACE_BOUND('',#634,.F.);
#634 = EDGE_LOOP('',(#635,#645,#653,#661));
#635 = ORIENTED_EDGE('',*,*,#636,.F.);
#636 = EDGE_CURVE('',#637,#639,#641,.T.);
#637 = VERTEX_POINT('',#638);
#638 = CARTESIAN_POINT('',(103.,-4.,54.));
#639 = VERTEX_POINT('',#640);
#640 = CARTESIAN_POINT('',(101.,-4.,54.));
#641 = LINE('',#642,#643);
#642 = CARTESIAN_POINT('',(51.5,-4.,54.));
#643 = VECTOR('',#644,1.);
#644 = DIRECTION('',(-1.,-1.8E-16,0.));
#645 = ORIENTED_EDGE('',*,*,#646,.F.);
#646 = EDGE_CURVE('',#647,#637,#649,.T.);
#647 = VERTEX_POINT('',#648);
#648 = CARTESIAN_POINT('',(103.,-4.,74.));
#649 = LINE('',#650,#651);
#650 = CARTESIAN_POINT('',(103.,-4.,37.));
#651 = VECTOR('',#652,1.);
#652 = DIRECTION('',(0.,0.,-1.));
#653 = ORIENTED_EDGE('',*,*,#654,.F.);
#654 = EDGE_CURVE('',#655,#647,#657,.T.);
#655 = VERTEX_POINT('',#656);
#656 = CARTESIAN_POINT('',(101.,-4.,74.));
#657 = LINE('',#658,#659);
#658 = CARTESIAN_POINT('',(50.5,-4.,74.));
#659 = VECTOR('',#660,1.);
#660 = DIRECTION('',(1.,1.8E-16,-0.));
#661 = ORIENTED_EDGE('',*,*,#662,.F.);
#662 = EDGE_CURVE('',#639,#655,#663,.T.);
#663 = LINE('',#664,#665);
#664 = CARTESIAN_POINT('',(101.,-4.,27.));
#665 = VECTOR('',#666,1.);
#666 = DIRECTION('',(0.,0.,1.));
#667 = FACE_BOUND('',#668,.F.);
#668 = EDGE_LOOP('',(#669,#679,#687,#695));
#669 = ORIENTED_EDGE('',*,*,#670,.F.);
#670 = EDGE_CURVE('',#671,#673,#675,.T.);
#671 = VERTEX_POINT('',#672);
#672 = CARTESIAN_POINT('',(111.,-4.,54.));
#673 = VERTEX_POINT('',#674);
#674 = CARTESIAN_POINT('',(109.,-4.,54.));
#675 = LINE('',#676,#677);
#676 = CARTESIAN_POINT('',(55.5,-4.,54.));
#677 = VECTOR('',#678,1.);
#678 = DIRECTION('',(-1.,-1.8E-16,0.));
#679 = ORIENTED_EDGE('',*,*,#680,.F.);
#680 = EDGE_CURVE('',#681,#671,#683,.T.);
#681 = VERTEX_POINT('',#682);
#682 = CARTESIAN_POINT('',(111.,-4.,74.));
#683 = LINE('',#684,#685);
#684 = CARTESIAN_POINT('',(111.,-4.,37.));
#685 = VECTOR('',#686,1.);
#686 = DIRECTION('',(0.,0.,-1.));
#687 = ORIENTED_EDGE('',*,*,#688,.F.);
#688 = EDGE_CURVE('',#689,#681,#691,.T.);
#689 = VERTEX_POINT('',#690);
#690 = CARTESIAN_POINT('',(109.,-4.,74.));
#691 = LINE('',#692,#693);
#692 = CARTESIAN_POINT('',(54.5,-4.,74.));
#693 = VECTOR('',#694,1.);
#694 = DIRECTION('',(1.,1.8E-16,-0.));
#695 = ORIENTED_EDGE('',*,*,#696,.F.);
#696 = EDGE_CURVE('',#673,#689,#697,.T.);
#697 = LINE('',#698,#699);
#698 = CARTESIAN_POINT('',(109.,-4.,27.));
#699 = VECTOR('',#700,1.);
#700 = DIRECTION('',(0.,0.,1.));
#701 = FACE_BOUND('',#702,.F.);
#702 = EDGE_LOOP('',(#703,#713,#721,#729));
#703 = ORIENTED_EDGE('',*,*,#704,.F.);
#704 = EDGE_CURVE('',#705,#707,#709,.T.);
#705 = VERTEX_POINT('',#706);
#706 = CARTESIAN_POINT('',(115.,-4.,54.));
#707 = VERTEX_POINT('',#708);
#708 = CARTESIAN_POINT('',(113.,-4.,54.));
#709 = LINE('',#710,#711);
#710 = CARTESIAN_POINT('',(57.5,-4.,54.));
#711 = VECTOR('',#712,1.);
#712 = DIRECTION('',(-1.,-1.8E-16,0.));
#713 = ORIENTED_EDGE('',*,*,#714,.F.);
#714 = EDGE_CURVE('',#715,#705,#717,.T.);
#715 = VERTEX_POINT('',#716);
#716 = CARTESIAN_POINT('',(115.,-4.,74.));
#717 = LINE('',#718,#719);
#718 = CARTESIAN_POINT('',(115.,-4.,37.));
#719 = VECTOR('',#720,1.);
#720 = DIRECTION('',(0.,0.,-1.));
#721 = ORIENTED_EDGE('',*,*,#722,.F.);
#722 = EDGE_CURVE('',#723,#715,#725,.T.);
#723 = VERTEX_POINT('',#724);
#724 = CARTESIAN_POINT('',(113.,-4.,74.));
#725 = LINE('',#726,#727);
#726 = CARTESIAN_POINT('',(56.5,-4.,74.));
#727 = VECTOR('',#728,1.);
#728 = DIRECTION('',(1.,1.8E-16,-0.));
#729 = ORIENTED_EDGE('',*,*,#730,.F.);
#730 = EDGE_CURVE('',#707,#723,#731,.T.);
#731 = LINE('',#732,#733);
#732 = CARTESIAN_POINT('',(113.,-4.,27.));
#733 = VECTOR('',#734,1.);
#734 = DIRECTION('',(0.,0.,1.));
#735 = PLANE('',#736);
#736 = AXIS2_PLACEMENT_3D('',#737,#738,#739);
#737 = CARTESIAN_POINT('',(-5.76E-14,-4.,0.));
#738 = DIRECTION('',(-1.8E-16,1.,0.));
#739 = DIRECTION('',(1.,1.8E-16,0.));
#740 = ADVANCED_FACE('',(#741),#747,.T.);
#741 = FACE_BOUND('',#742,.F.);
#742 = EDGE_LOOP('',(#743,#744,#745,#746));
#743 = ORIENTED_EDGE('',*,*,#294,.T.);
#744 = ORIENTED_EDGE('',*,*,#557,.F.);
#745 = ORIENTED_EDGE('',*,*,#176,.F.);
#746 = ORIENTED_EDGE('',*,*,#483,.T.);
#747 = CYLINDRICAL_SURFACE('',#748,4.);
#748 = AXIS2_PLACEMENT_3D('',#749,#750,#751);
#749 = CARTESIAN_POINT('',(0.,0.,0.));
#750 = DIRECTION('',(-0.,-0.,-1.));
#751 = DIRECTION('',(1.,0.,0.));
#752 = ADVANCED_FACE('',(#753),#883,.F.);
#753 = FACE_BOUND('',#754,.F.);
#754 = EDGE_LOOP('',(#755,#765,#773,#781,#789,#797,#803,#804,#812,#821,
    #829,#838,#844,#845,#853,#861,#869,#877));
#755 = ORIENTED_EDGE('',*,*,#756,.F.);
#756 = EDGE_CURVE('',#757,#759,#761,.T.);
#757 = VERTEX_POINT('',#758);
#758 = CARTESIAN_POINT('',(0.,0.,4.));
#759 = VERTEX_POINT('',#760);
#760 = CARTESIAN_POINT('',(0.,80.,4.));
#761 = LINE('',#762,#763);
#762 = CARTESIAN_POINT('',(0.,0.,4.));
#763 = VECTOR('',#764,1.);
#764 = DIRECTION('',(0.,1.,0.));
#765 = ORIENTED_EDGE('',*,*,#766,.T.);
#766 = EDGE_CURVE('',#757,#767,#769,.T.);
#767 = VERTEX_POINT('',#768);
#768 = CARTESIAN_POINT('',(0.,0.,74.));
#769 = LINE('',#770,#771);
#770 = CARTESIAN_POINT('',(0.,0.,0.));
#771 = VECTOR('',#772,1.);
#772 = DIRECTION('',(0.,0.,1.));
#773 = ORIENTED_EDGE('',*,*,#774,.T.);
#774 = EDGE_CURVE('',#767,#775,#777,.T.);
#775 = VERTEX_POINT('',#776);
#776 = CARTESIAN_POINT('',(0.,1.4,74.));
#777 = LINE('',#778,#779);
#778 = CARTESIAN_POINT('',(0.,20.,74.));
#779 = VECTOR('',#780,1.);
#780 = DIRECTION('',(0.,1.,0.));
#781 = ORIENTED_EDGE('',*,*,#782,.T.);
#782 = EDGE_CURVE('',#775,#783,#785,.T.);
#783 = VERTEX_POINT('',#784);
#784 = CARTESIAN_POINT('',(0.,1.4,76.));
#785 = LINE('',#786,#787);
#786 = CARTESIAN_POINT('',(0.,1.4,88.));
#787 = VECTOR('',#788,1.);
#788 = DIRECTION('',(0.,0.,1.));
#789 = ORIENTED_EDGE('',*,*,#790,.T.);
#790 = EDGE_CURVE('',#783,#791,#793,.T.);
#791 = VERTEX_POINT('',#792);
#792 = CARTESIAN_POINT('',(0.,4.,76.));
#793 = LINE('',#794,#795);
#794 = CARTESIAN_POINT('',(0.,20.,76.));
#795 = VECTOR('',#796,1.);
#796 = DIRECTION('',(0.,1.,0.));
#797 = ORIENTED_EDGE('',*,*,#798,.T.);
#798 = EDGE_CURVE('',#791,#262,#799,.T.);
#799 = LINE('',#800,#801);
#800 = CARTESIAN_POINT('',(0.,4.,88.));
#801 = VECTOR('',#802,1.);
#802 = DIRECTION('',(0.,0.,1.));
#803 = ORIENTED_EDGE('',*,*,#270,.T.);
#804 = ORIENTED_EDGE('',*,*,#805,.F.);
#805 = EDGE_CURVE('',#806,#271,#808,.T.);
#806 = VERTEX_POINT('',#807);
#807 = CARTESIAN_POINT('',(-1.3E-14,35.,84.));
#808 = LINE('',#809,#810);
#809 = CARTESIAN_POINT('',(-1.33226762955E-14,35.,84.));
#810 = VECTOR('',#811,1.);
#811 = DIRECTION('',(0.,0.,1.));
#812 = ORIENTED_EDGE('',*,*,#813,.F.);
#813 = EDGE_CURVE('',#814,#806,#816,.T.);
#814 = VERTEX_POINT('',#815);
#815 = CARTESIAN_POINT('',(-1.3E-14,37.,82.));
#816 = CIRCLE('',#817,2.);
#817 = AXIS2_PLACEMENT_3D('',#818,#819,#820);
#818 = CARTESIAN_POINT('',(-1.33226762955E-14,37.,84.));
#819 = DIRECTION('',(-1.,0.,0.));
#820 = DIRECTION('',(0.,-1.,0.));
#821 = ORIENTED_EDGE('',*,*,#822,.F.);
#822 = EDGE_CURVE('',#823,#814,#825,.T.);
#823 = VERTEX_POINT('',#824);
#824 = CARTESIAN_POINT('',(-1.3E-14,43.,82.));
#825 = LINE('',#826,#827);
#826 = CARTESIAN_POINT('',(-1.33226762955E-14,43.,82.));
#827 = VECTOR('',#828,1.);
#828 = DIRECTION('',(0.,-1.,0.));
#829 = ORIENTED_EDGE('',*,*,#830,.F.);
#830 = EDGE_CURVE('',#831,#823,#833,.T.);
#831 = VERTEX_POINT('',#832);
#832 = CARTESIAN_POINT('',(-1.3E-14,45.,84.));
#833 = CIRCLE('',#834,2.);
#834 = AXIS2_PLACEMENT_3D('',#835,#836,#837);
#835 = CARTESIAN_POINT('',(-1.33226762955E-14,43.,84.));
#836 = DIRECTION('',(-1.,0.,0.));
#837 = DIRECTION('',(0.,-1.,0.));
#838 = ORIENTED_EDGE('',*,*,#839,.F.);
#839 = EDGE_CURVE('',#201,#831,#840,.T.);
#840 = LINE('',#841,#842);
#841 = CARTESIAN_POINT('',(-1.33226762955E-14,45.,88.));
#842 = VECTOR('',#843,1.);
#843 = DIRECTION('',(0.,0.,-1.));
#844 = ORIENTED_EDGE('',*,*,#200,.T.);
#845 = ORIENTED_EDGE('',*,*,#846,.F.);
#846 = EDGE_CURVE('',#847,#203,#849,.T.);
#847 = VERTEX_POINT('',#848);
#848 = CARTESIAN_POINT('',(-1.E-15,76.,76.));
#849 = LINE('',#850,#851);
#850 = CARTESIAN_POINT('',(0.,76.,88.));
#851 = VECTOR('',#852,1.);
#852 = DIRECTION('',(0.,0.,1.));
#853 = ORIENTED_EDGE('',*,*,#854,.T.);
#854 = EDGE_CURVE('',#847,#855,#857,.T.);
#855 = VERTEX_POINT('',#856);
#856 = CARTESIAN_POINT('',(0.,78.6,76.));
#857 = LINE('',#858,#859);
#858 = CARTESIAN_POINT('',(0.,20.,76.));
#859 = VECTOR('',#860,1.);
#860 = DIRECTION('',(0.,1.,0.));
#861 = ORIENTED_EDGE('',*,*,#862,.F.);
#862 = EDGE_CURVE('',#863,#855,#865,.T.);
#863 = VERTEX_POINT('',#864);
#864 = CARTESIAN_POINT('',(0.,78.6,74.));
#865 = LINE('',#866,#867);
#866 = CARTESIAN_POINT('',(0.,78.6,88.));
#867 = VECTOR('',#868,1.);
#868 = DIRECTION('',(0.,0.,1.));
#869 = ORIENTED_EDGE('',*,*,#870,.T.);
#870 = EDGE_CURVE('',#863,#871,#873,.T.);
#871 = VERTEX_POINT('',#872);
#872 = CARTESIAN_POINT('',(0.,80.,74.));
#873 = LINE('',#874,#875);
#874 = CARTESIAN_POINT('',(0.,20.,74.));
#875 = VECTOR('',#876,1.);
#876 = DIRECTION('',(0.,1.,0.));
#877 = ORIENTED_EDGE('',*,*,#878,.F.);
#878 = EDGE_CURVE('',#759,#871,#879,.T.);
#879 = LINE('',#880,#881);
#880 = CARTESIAN_POINT('',(0.,80.,0.));
#881 = VECTOR('',#882,1.);
#882 = DIRECTION('',(0.,0.,1.));
#883 = PLANE('',#884);
#884 = AXIS2_PLACEMENT_3D('',#885,#886,#887);
#885 = CARTESIAN_POINT('',(0.,0.,0.));
#886 = DIRECTION('',(-1.,0.,0.));
#887 = DIRECTION('',(0.,1.,0.));
#888 = ADVANCED_FACE('',(#889),#900,.F.);
#889 = FACE_BOUND('',#890,.F.);
#890 = EDGE_LOOP('',(#891,#892,#893,#899));
#891 = ORIENTED_EDGE('',*,*,#337,.T.);
#892 = ORIENTED_EDGE('',*,*,#839,.T.);
#893 = ORIENTED_EDGE('',*,*,#894,.F.);
#894 = EDGE_CURVE('',#516,#831,#895,.T.);
#895 = LINE('',#896,#897);
#896 = CARTESIAN_POINT('',(-4.,45.,84.));
#897 = VECTOR('',#898,1.);
#898 = DIRECTION('',(1.,0.,0.));
#899 = ORIENTED_EDGE('',*,*,#524,.F.);
#900 = PLANE('',#901);
#901 = AXIS2_PLACEMENT_3D('',#902,#903,#904);
#902 = CARTESIAN_POINT('',(-4.,45.,88.));
#903 = DIRECTION('',(0.,1.,0.));
#904 = DIRECTION('',(0.,0.,-1.));
#905 = ADVANCED_FACE('',(#906),#925,.T.);
#906 = FACE_BOUND('',#907,.T.);
#907 = EDGE_LOOP('',(#908,#916,#917,#918));
#908 = ORIENTED_EDGE('',*,*,#909,.F.);
#909 = EDGE_CURVE('',#211,#910,#912,.T.);
#910 = VERTEX_POINT('',#911);
#911 = CARTESIAN_POINT('',(4.,80.,76.));
#912 = LINE('',#913,#914);
#913 = CARTESIAN_POINT('',(4.,80.,88.));
#914 = VECTOR('',#915,1.);
#915 = DIRECTION('',(-0.,-0.,-1.));
#916 = ORIENTED_EDGE('',*,*,#210,.F.);
#917 = ORIENTED_EDGE('',*,*,#846,.F.);
#918 = ORIENTED_EDGE('',*,*,#919,.T.);
#919 = EDGE_CURVE('',#847,#910,#920,.T.);
#920 = CIRCLE('',#921,4.);
#921 = AXIS2_PLACEMENT_3D('',#922,#923,#924);
#922 = CARTESIAN_POINT('',(0.,80.,76.));
#923 = DIRECTION('',(0.,0.,1.));
#924 = DIRECTION('',(1.,0.,0.));
#925 = CYLINDRICAL_SURFACE('',#926,4.);
#926 = AXIS2_PLACEMENT_3D('',#927,#928,#929);
#927 = CARTESIAN_POINT('',(0.,80.,88.));
#928 = DIRECTION('',(0.,0.,1.));
#929 = DIRECTION('',(1.,0.,0.));
#930 = ADVANCED_FACE('',(#931),#1086,.T.);
#931 = FACE_BOUND('',#932,.T.);
#932 = EDGE_LOOP('',(#933,#943,#952,#960,#969,#977,#985,#993,#1001,#1009
    ,#1017,#1023,#1024,#1025,#1033,#1041,#1047,#1048,#1056,#1064,#1072,
    #1080));
#933 = ORIENTED_EDGE('',*,*,#934,.T.);
#934 = EDGE_CURVE('',#935,#937,#939,.T.);
#935 = VERTEX_POINT('',#936);
#936 = CARTESIAN_POINT('',(84.,80.,4.));
#937 = VERTEX_POINT('',#938);
#938 = CARTESIAN_POINT('',(84.,80.,59.));
#939 = LINE('',#940,#941);
#940 = CARTESIAN_POINT('',(84.,80.,4.));
#941 = VECTOR('',#942,1.);
#942 = DIRECTION('',(0.,0.,1.));
#943 = ORIENTED_EDGE('',*,*,#944,.T.);
#944 = EDGE_CURVE('',#937,#945,#947,.T.);
#945 = VERTEX_POINT('',#946);
#946 = CARTESIAN_POINT('',(85.,80.,60.));
#947 = CIRCLE('',#948,1.);
#948 = AXIS2_PLACEMENT_3D('',#949,#950,#951);
#949 = CARTESIAN_POINT('',(85.,80.,59.));
#950 = DIRECTION('',(0.,1.,-2.2E-16));
#951 = DIRECTION('',(0.,-2.2E-16,-1.));
#952 = ORIENTED_EDGE('',*,*,#953,.F.);
#953 = EDGE_CURVE('',#954,#945,#956,.T.);
#954 = VERTEX_POINT('',#955);
#955 = CARTESIAN_POINT('',(91.,80.,60.));
#956 = LINE('',#957,#958);
#957 = CARTESIAN_POINT('',(92.,80.,60.));
#958 = VECTOR('',#959,1.);
#959 = DIRECTION('',(-1.,0.,0.));
#960 = ORIENTED_EDGE('',*,*,#961,.F.);
#961 = EDGE_CURVE('',#962,#954,#964,.T.);
#962 = VERTEX_POINT('',#963);
#963 = CARTESIAN_POINT('',(92.,80.,59.));
#964 = CIRCLE('',#965,1.);
#965 = AXIS2_PLACEMENT_3D('',#966,#967,#968);
#966 = CARTESIAN_POINT('',(91.,80.,59.));
#967 = DIRECTION('',(0.,-1.,2.2E-16));
#968 = DIRECTION('',(0.,-2.2E-16,-1.));
#969 = ORIENTED_EDGE('',*,*,#970,.F.);
#970 = EDGE_CURVE('',#971,#962,#973,.T.);
#971 = VERTEX_POINT('',#972);
#972 = CARTESIAN_POINT('',(92.,80.,4.));
#973 = LINE('',#974,#975);
#974 = CARTESIAN_POINT('',(92.,80.,4.));
#975 = VECTOR('',#976,1.);
#976 = DIRECTION('',(0.,0.,1.));
#977 = ORIENTED_EDGE('',*,*,#978,.T.);
#978 = EDGE_CURVE('',#971,#979,#981,.T.);
#979 = VERTEX_POINT('',#980);
#980 = CARTESIAN_POINT('',(128.,80.,4.));
#981 = LINE('',#982,#983);
#982 = CARTESIAN_POINT('',(0.,80.,4.));
#983 = VECTOR('',#984,1.);
#984 = DIRECTION('',(1.,0.,0.));
#985 = ORIENTED_EDGE('',*,*,#986,.T.);
#986 = EDGE_CURVE('',#979,#987,#989,.T.);
#987 = VERTEX_POINT('',#988);
#988 = CARTESIAN_POINT('',(128.,80.,74.));
#989 = LINE('',#990,#991);
#990 = CARTESIAN_POINT('',(128.,80.,0.));
#991 = VECTOR('',#992,1.);
#992 = DIRECTION('',(0.,0.,1.));
#993 = ORIENTED_EDGE('',*,*,#994,.T.);
#994 = EDGE_CURVE('',#987,#995,#997,.T.);
#995 = VERTEX_POINT('',#996);
#996 = CARTESIAN_POINT('',(126.6,80.,74.));
#997 = LINE('',#998,#999);
#998 = CARTESIAN_POINT('',(66.843930635838,80.,74.));
#999 = VECTOR('',#1000,1.);
#1000 = DIRECTION('',(-1.,0.,0.));
#1001 = ORIENTED_EDGE('',*,*,#1002,.T.);
#1002 = EDGE_CURVE('',#995,#1003,#1005,.T.);
#1003 = VERTEX_POINT('',#1004);
#1004 = CARTESIAN_POINT('',(126.6,80.,76.));
#1005 = LINE('',#1006,#1007);
#1006 = CARTESIAN_POINT('',(126.6,80.,88.));
#1007 = VECTOR('',#1008,1.);
#1008 = DIRECTION('',(0.,0.,1.));
#1009 = ORIENTED_EDGE('',*,*,#1010,.T.);
#1010 = EDGE_CURVE('',#1003,#1011,#1013,.T.);
#1011 = VERTEX_POINT('',#1012);
#1012 = CARTESIAN_POINT('',(124.,80.,76.));
#1013 = LINE('',#1014,#1015);
#1014 = CARTESIAN_POINT('',(66.843930635838,80.,76.));
#1015 = VECTOR('',#1016,1.);
#1016 = DIRECTION('',(-1.,0.,0.));
#1017 = ORIENTED_EDGE('',*,*,#1018,.T.);
#1018 = EDGE_CURVE('',#1011,#220,#1019,.T.);
#1019 = LINE('',#1020,#1021);
#1020 = CARTESIAN_POINT('',(124.,80.,88.));
#1021 = VECTOR('',#1022,1.);
#1022 = DIRECTION('',(0.,0.,1.));
#1023 = ORIENTED_EDGE('',*,*,#219,.T.);
#1024 = ORIENTED_EDGE('',*,*,#909,.T.);
#1025 = ORIENTED_EDGE('',*,*,#1026,.T.);
#1026 = EDGE_CURVE('',#910,#1027,#1029,.T.);
#1027 = VERTEX_POINT('',#1028);
#1028 = CARTESIAN_POINT('',(1.4,80.,76.));
#1029 = LINE('',#1030,#1031);
#1030 = CARTESIAN_POINT('',(66.843930635838,80.,76.));
#1031 = VECTOR('',#1032,1.);
#1032 = DIRECTION('',(-1.,0.,0.));
#1033 = ORIENTED_EDGE('',*,*,#1034,.T.);
#1034 = EDGE_CURVE('',#1027,#1035,#1037,.T.);
#1035 = VERTEX_POINT('',#1036);
#1036 = CARTESIAN_POINT('',(1.4,80.,74.));
#1037 = LINE('',#1038,#1039);
#1038 = CARTESIAN_POINT('',(1.4,80.,88.));
#1039 = VECTOR('',#1040,1.);
#1040 = DIRECTION('',(-0.,-0.,-1.));
#1041 = ORIENTED_EDGE('',*,*,#1042,.T.);
#1042 = EDGE_CURVE('',#1035,#871,#1043,.T.);
#1043 = LINE('',#1044,#1045);
#1044 = CARTESIAN_POINT('',(66.843930635838,80.,74.));
#1045 = VECTOR('',#1046,1.);
#1046 = DIRECTION('',(-1.,0.,0.));
#1047 = ORIENTED_EDGE('',*,*,#878,.F.);
#1048 = ORIENTED_EDGE('',*,*,#1049,.T.);
#1049 = EDGE_CURVE('',#759,#1050,#1052,.T.);
#1050 = VERTEX_POINT('',#1051);
#1051 = CARTESIAN_POINT('',(70.,80.,4.));
#1052 = LINE('',#1053,#1054);
#1053 = CARTESIAN_POINT('',(0.,80.,4.));
#1054 = VECTOR('',#1055,1.);
#1055 = DIRECTION('',(1.,0.,0.));
#1056 = ORIENTED_EDGE('',*,*,#1057,.T.);
#1057 = EDGE_CURVE('',#1050,#1058,#1060,.T.);
#1058 = VERTEX_POINT('',#1059);
#1059 = CARTESIAN_POINT('',(70.,80.,82.));
#1060 = LINE('',#1061,#1062);
#1061 = CARTESIAN_POINT('',(70.,80.,4.));
#1062 = VECTOR('',#1063,1.);
#1063 = DIRECTION('',(0.,0.,1.));
#1064 = ORIENTED_EDGE('',*,*,#1065,.T.);
#1065 = EDGE_CURVE('',#1058,#1066,#1068,.T.);
#1066 = VERTEX_POINT('',#1067);
#1067 = CARTESIAN_POINT('',(74.,80.,82.));
#1068 = LINE('',#1069,#1070);
#1069 = CARTESIAN_POINT('',(70.,80.,82.));
#1070 = VECTOR('',#1071,1.);
#1071 = DIRECTION('',(1.,0.,0.));
#1072 = ORIENTED_EDGE('',*,*,#1073,.F.);
#1073 = EDGE_CURVE('',#1074,#1066,#1076,.T.);
#1074 = VERTEX_POINT('',#1075);
#1075 = CARTESIAN_POINT('',(74.,80.,4.));
#1076 = LINE('',#1077,#1078);
#1077 = CARTESIAN_POINT('',(74.,80.,4.));
#1078 = VECTOR('',#1079,1.);
#1079 = DIRECTION('',(0.,0.,1.));
#1080 = ORIENTED_EDGE('',*,*,#1081,.T.);
#1081 = EDGE_CURVE('',#1074,#935,#1082,.T.);
#1082 = LINE('',#1083,#1084);
#1083 = CARTESIAN_POINT('',(0.,80.,4.));
#1084 = VECTOR('',#1085,1.);
#1085 = DIRECTION('',(1.,0.,0.));
#1086 = PLANE('',#1087);
#1087 = AXIS2_PLACEMENT_3D('',#1088,#1089,#1090);
#1088 = CARTESIAN_POINT('',(69.687861271676,80.,44.156069364162));
#1089 = DIRECTION('',(-0.,-1.,-0.));
#1090 = DIRECTION('',(0.,0.,-1.));
#1091 = ADVANCED_FACE('',(#1092),#1111,.T.);
#1092 = FACE_BOUND('',#1093,.T.);
#1093 = EDGE_LOOP('',(#1094,#1103,#1109,#1110));
#1094 = ORIENTED_EDGE('',*,*,#1095,.T.);
#1095 = EDGE_CURVE('',#1011,#1096,#1098,.T.);
#1096 = VERTEX_POINT('',#1097);
#1097 = CARTESIAN_POINT('',(128.,76.,76.));
#1098 = CIRCLE('',#1099,4.);
#1099 = AXIS2_PLACEMENT_3D('',#1100,#1101,#1102);
#1100 = CARTESIAN_POINT('',(128.,80.,76.));
#1101 = DIRECTION('',(0.,0.,1.));
#1102 = DIRECTION('',(1.,0.,0.));
#1103 = ORIENTED_EDGE('',*,*,#1104,.T.);
#1104 = EDGE_CURVE('',#1096,#228,#1105,.T.);
#1105 = LINE('',#1106,#1107);
#1106 = CARTESIAN_POINT('',(128.,76.,88.));
#1107 = VECTOR('',#1108,1.);
#1108 = DIRECTION('',(0.,0.,1.));
#1109 = ORIENTED_EDGE('',*,*,#227,.F.);
#1110 = ORIENTED_EDGE('',*,*,#1018,.F.);
#1111 = CYLINDRICAL_SURFACE('',#1112,4.);
#1112 = AXIS2_PLACEMENT_3D('',#1113,#1114,#1115);
#1113 = CARTESIAN_POINT('',(128.,80.,88.));
#1114 = DIRECTION('',(0.,0.,1.));
#1115 = DIRECTION('',(1.,0.,0.));
#1116 = ADVANCED_FACE('',(#1117),#1256,.T.);
#1117 = FACE_BOUND('',#1118,.T.);
#1118 = EDGE_LOOP('',(#1119,#1120,#1128,#1136,#1144,#1153,#1161,#1170,
    #1178,#1186,#1194,#1202,#1210,#1218,#1226,#1232,#1233,#1234,#1242,
    #1250));
#1119 = ORIENTED_EDGE('',*,*,#986,.F.);
#1120 = ORIENTED_EDGE('',*,*,#1121,.T.);
#1121 = EDGE_CURVE('',#979,#1122,#1124,.T.);
#1122 = VERTEX_POINT('',#1123);
#1123 = CARTESIAN_POINT('',(128.,49.9,4.));
#1124 = LINE('',#1125,#1126);
#1125 = CARTESIAN_POINT('',(128.,80.,4.));
#1126 = VECTOR('',#1127,1.);
#1127 = DIRECTION('',(0.,-1.,0.));
#1128 = ORIENTED_EDGE('',*,*,#1129,.T.);
#1129 = EDGE_CURVE('',#1122,#1130,#1132,.T.);
#1130 = VERTEX_POINT('',#1131);
#1131 = CARTESIAN_POINT('',(128.,49.9,11.));
#1132 = LINE('',#1133,#1134);
#1133 = CARTESIAN_POINT('',(128.,49.9,-4.E-16));
#1134 = VECTOR('',#1135,1.);
#1135 = DIRECTION('',(0.,0.,1.));
#1136 = ORIENTED_EDGE('',*,*,#1137,.T.);
#1137 = EDGE_CURVE('',#1130,#1138,#1140,.T.);
#1138 = VERTEX_POINT('',#1139);
#1139 = CARTESIAN_POINT('',(128.,48.9,11.));
#1140 = LINE('',#1141,#1142);
#1141 = CARTESIAN_POINT('',(128.,49.9,11.));
#1142 = VECTOR('',#1143,1.);
#1143 = DIRECTION('',(0.,-1.,0.));
#1144 = ORIENTED_EDGE('',*,*,#1145,.T.);
#1145 = EDGE_CURVE('',#1138,#1146,#1148,.T.);
#1146 = VERTEX_POINT('',#1147);
#1147 = CARTESIAN_POINT('',(128.,47.9,12.));
#1148 = CIRCLE('',#1149,1.);
#1149 = AXIS2_PLACEMENT_3D('',#1150,#1151,#1152);
#1150 = CARTESIAN_POINT('',(128.,47.9,11.));
#1151 = DIRECTION('',(1.,0.,0.));
#1152 = DIRECTION('',(0.,-1.,-1.2E-16));
#1153 = ORIENTED_EDGE('',*,*,#1154,.F.);
#1154 = EDGE_CURVE('',#1155,#1146,#1157,.T.);
#1155 = VERTEX_POINT('',#1156);
#1156 = CARTESIAN_POINT('',(128.,32.1,12.));
#1157 = LINE('',#1158,#1159);
#1158 = CARTESIAN_POINT('',(128.,32.1,12.));
#1159 = VECTOR('',#1160,1.);
#1160 = DIRECTION('',(0.,1.,0.));
#1161 = ORIENTED_EDGE('',*,*,#1162,.T.);
#1162 = EDGE_CURVE('',#1155,#1163,#1165,.T.);
#1163 = VERTEX_POINT('',#1164);
#1164 = CARTESIAN_POINT('',(128.,31.1,11.));
#1165 = CIRCLE('',#1166,1.);
#1166 = AXIS2_PLACEMENT_3D('',#1167,#1168,#1169);
#1167 = CARTESIAN_POINT('',(128.,32.1,11.));
#1168 = DIRECTION('',(1.,-0.,0.));
#1169 = DIRECTION('',(0.,1.1E-16,-1.));
#1170 = ORIENTED_EDGE('',*,*,#1171,.F.);
#1171 = EDGE_CURVE('',#1172,#1163,#1174,.T.);
#1172 = VERTEX_POINT('',#1173);
#1173 = CARTESIAN_POINT('',(128.,30.1,11.));
#1174 = LINE('',#1175,#1176);
#1175 = CARTESIAN_POINT('',(128.,30.1,11.));
#1176 = VECTOR('',#1177,1.);
#1177 = DIRECTION('',(0.,1.,0.));
#1178 = ORIENTED_EDGE('',*,*,#1179,.F.);
#1179 = EDGE_CURVE('',#1180,#1172,#1182,.T.);
#1180 = VERTEX_POINT('',#1181);
#1181 = CARTESIAN_POINT('',(128.,30.1,4.));
#1182 = LINE('',#1183,#1184);
#1183 = CARTESIAN_POINT('',(128.,30.1,-4.E-16));
#1184 = VECTOR('',#1185,1.);
#1185 = DIRECTION('',(0.,0.,1.));
#1186 = ORIENTED_EDGE('',*,*,#1187,.T.);
#1187 = EDGE_CURVE('',#1180,#1188,#1190,.T.);
#1188 = VERTEX_POINT('',#1189);
#1189 = CARTESIAN_POINT('',(128.,0.,4.));
#1190 = LINE('',#1191,#1192);
#1191 = CARTESIAN_POINT('',(128.,80.,4.));
#1192 = VECTOR('',#1193,1.);
#1193 = DIRECTION('',(0.,-1.,0.));
#1194 = ORIENTED_EDGE('',*,*,#1195,.T.);
#1195 = EDGE_CURVE('',#1188,#1196,#1198,.T.);
#1196 = VERTEX_POINT('',#1197);
#1197 = CARTESIAN_POINT('',(128.,0.,74.));
#1198 = LINE('',#1199,#1200);
#1199 = CARTESIAN_POINT('',(128.,0.,0.));
#1200 = VECTOR('',#1201,1.);
#1201 = DIRECTION('',(0.,0.,1.));
#1202 = ORIENTED_EDGE('',*,*,#1203,.T.);
#1203 = EDGE_CURVE('',#1196,#1204,#1206,.T.);
#1204 = VERTEX_POINT('',#1205);
#1205 = CARTESIAN_POINT('',(128.,1.4,74.));
#1206 = LINE('',#1207,#1208);
#1207 = CARTESIAN_POINT('',(128.,20.,74.));
#1208 = VECTOR('',#1209,1.);
#1209 = DIRECTION('',(0.,1.,0.));
#1210 = ORIENTED_EDGE('',*,*,#1211,.T.);
#1211 = EDGE_CURVE('',#1204,#1212,#1214,.T.);
#1212 = VERTEX_POINT('',#1213);
#1213 = CARTESIAN_POINT('',(128.,1.4,76.));
#1214 = LINE('',#1215,#1216);
#1215 = CARTESIAN_POINT('',(128.,1.4,88.));
#1216 = VECTOR('',#1217,1.);
#1217 = DIRECTION('',(0.,0.,1.));
#1218 = ORIENTED_EDGE('',*,*,#1219,.T.);
#1219 = EDGE_CURVE('',#1212,#1220,#1222,.T.);
#1220 = VERTEX_POINT('',#1221);
#1221 = CARTESIAN_POINT('',(128.,4.,76.));
#1222 = LINE('',#1223,#1224);
#1223 = CARTESIAN_POINT('',(128.,20.,76.));
#1224 = VECTOR('',#1225,1.);
#1225 = DIRECTION('',(0.,1.,0.));
#1226 = ORIENTED_EDGE('',*,*,#1227,.T.);
#1227 = EDGE_CURVE('',#1220,#237,#1228,.T.);
#1228 = LINE('',#1229,#1230);
#1229 = CARTESIAN_POINT('',(128.,4.,88.));
#1230 = VECTOR('',#1231,1.);
#1231 = DIRECTION('',(0.,0.,1.));
#1232 = ORIENTED_EDGE('',*,*,#236,.T.);
#1233 = ORIENTED_EDGE('',*,*,#1104,.F.);
#1234 = ORIENTED_EDGE('',*,*,#1235,.T.);
#1235 = EDGE_CURVE('',#1096,#1236,#1238,.T.);
#1236 = VERTEX_POINT('',#1237);
#1237 = CARTESIAN_POINT('',(128.,78.6,76.));
#1238 = LINE('',#1239,#1240);
#1239 = CARTESIAN_POINT('',(128.,20.,76.));
#1240 = VECTOR('',#1241,1.);
#1241 = DIRECTION('',(0.,1.,0.));
#1242 = ORIENTED_EDGE('',*,*,#1243,.F.);
#1243 = EDGE_CURVE('',#1244,#1236,#1246,.T.);
#1244 = VERTEX_POINT('',#1245);
#1245 = CARTESIAN_POINT('',(128.,78.6,74.));
#1246 = LINE('',#1247,#1248);
#1247 = CARTESIAN_POINT('',(128.,78.6,88.));
#1248 = VECTOR('',#1249,1.);
#1249 = DIRECTION('',(0.,0.,1.));
#1250 = ORIENTED_EDGE('',*,*,#1251,.T.);
#1251 = EDGE_CURVE('',#1244,#987,#1252,.T.);
#1252 = LINE('',#1253,#1254);
#1253 = CARTESIAN_POINT('',(128.,20.,74.));
#1254 = VECTOR('',#1255,1.);
#1255 = DIRECTION('',(0.,1.,0.));
#1256 = PLANE('',#1257);
#1257 = AXIS2_PLACEMENT_3D('',#1258,#1259,#1260);
#1258 = CARTESIAN_POINT('',(128.,0.,0.));
#1259 = DIRECTION('',(-1.,0.,0.));
#1260 = DIRECTION('',(0.,1.,0.));
#1261 = ADVANCED_FACE('',(#1262),#1281,.T.);
#1262 = FACE_BOUND('',#1263,.T.);
#1263 = EDGE_LOOP('',(#1264,#1265,#1274,#1280));
#1264 = ORIENTED_EDGE('',*,*,#1227,.F.);
#1265 = ORIENTED_EDGE('',*,*,#1266,.T.);
#1266 = EDGE_CURVE('',#1220,#1267,#1269,.T.);
#1267 = VERTEX_POINT('',#1268);
#1268 = CARTESIAN_POINT('',(124.,0.,76.));
#1269 = CIRCLE('',#1270,4.);
#1270 = AXIS2_PLACEMENT_3D('',#1271,#1272,#1273);
#1271 = CARTESIAN_POINT('',(128.,0.,76.));
#1272 = DIRECTION('',(0.,0.,1.));
#1273 = DIRECTION('',(1.,0.,0.));
#1274 = ORIENTED_EDGE('',*,*,#1275,.T.);
#1275 = EDGE_CURVE('',#1267,#245,#1276,.T.);
#1276 = LINE('',#1277,#1278);
#1277 = CARTESIAN_POINT('',(124.,0.,88.));
#1278 = VECTOR('',#1279,1.);
#1279 = DIRECTION('',(0.,0.,1.));
#1280 = ORIENTED_EDGE('',*,*,#244,.F.);
#1281 = CYLINDRICAL_SURFACE('',#1282,4.);
#1282 = AXIS2_PLACEMENT_3D('',#1283,#1284,#1285);
#1283 = CARTESIAN_POINT('',(128.,0.,88.));
#1284 = DIRECTION('',(0.,0.,1.));
#1285 = DIRECTION('',(1.,0.,0.));
#1286 = ADVANCED_FACE('',(#1287,#1415,#1449,#1483,#1517,#1551),#1585,.T.
  );
#1287 = FACE_BOUND('',#1288,.T.);
#1288 = EDGE_LOOP('',(#1289,#1290,#1298,#1306,#1314,#1322,#1330,#1338,
    #1346,#1354,#1360,#1361,#1369,#1377,#1385,#1391,#1392,#1393,#1401,
    #1409));
#1289 = ORIENTED_EDGE('',*,*,#1195,.F.);
#1290 = ORIENTED_EDGE('',*,*,#1291,.T.);
#1291 = EDGE_CURVE('',#1188,#1292,#1294,.T.);
#1292 = VERTEX_POINT('',#1293);
#1293 = CARTESIAN_POINT('',(92.,0.,4.));
#1294 = LINE('',#1295,#1296);
#1295 = CARTESIAN_POINT('',(128.,0.,4.));
#1296 = VECTOR('',#1297,1.);
#1297 = DIRECTION('',(-1.,0.,0.));
#1298 = ORIENTED_EDGE('',*,*,#1299,.T.);
#1299 = EDGE_CURVE('',#1292,#1300,#1302,.T.);
#1300 = VERTEX_POINT('',#1301);
#1301 = CARTESIAN_POINT('',(92.,0.,82.));
#1302 = LINE('',#1303,#1304);
#1303 = CARTESIAN_POINT('',(92.,0.,4.));
#1304 = VECTOR('',#1305,1.);
#1305 = DIRECTION('',(0.,0.,1.));
#1306 = ORIENTED_EDGE('',*,*,#1307,.F.);
#1307 = EDGE_CURVE('',#1308,#1300,#1310,.T.);
#1308 = VERTEX_POINT('',#1309);
#1309 = CARTESIAN_POINT('',(84.,0.,82.));
#1310 = LINE('',#1311,#1312);
#1311 = CARTESIAN_POINT('',(84.,0.,82.));
#1312 = VECTOR('',#1313,1.);
#1313 = DIRECTION('',(1.,0.,0.));
#1314 = ORIENTED_EDGE('',*,*,#1315,.F.);
#1315 = EDGE_CURVE('',#1316,#1308,#1318,.T.);
#1316 = VERTEX_POINT('',#1317);
#1317 = CARTESIAN_POINT('',(84.,0.,4.));
#1318 = LINE('',#1319,#1320);
#1319 = CARTESIAN_POINT('',(84.,0.,4.));
#1320 = VECTOR('',#1321,1.);
#1321 = DIRECTION('',(0.,0.,1.));
#1322 = ORIENTED_EDGE('',*,*,#1323,.T.);
#1323 = EDGE_CURVE('',#1316,#1324,#1326,.T.);
#1324 = VERTEX_POINT('',#1325);
#1325 = CARTESIAN_POINT('',(74.,0.,4.));
#1326 = LINE('',#1327,#1328);
#1327 = CARTESIAN_POINT('',(128.,0.,4.));
#1328 = VECTOR('',#1329,1.);
#1329 = DIRECTION('',(-1.,0.,0.));
#1330 = ORIENTED_EDGE('',*,*,#1331,.T.);
#1331 = EDGE_CURVE('',#1324,#1332,#1334,.T.);
#1332 = VERTEX_POINT('',#1333);
#1333 = CARTESIAN_POINT('',(74.,0.,82.));
#1334 = LINE('',#1335,#1336);
#1335 = CARTESIAN_POINT('',(74.,0.,4.));
#1336 = VECTOR('',#1337,1.);
#1337 = DIRECTION('',(0.,0.,1.));
#1338 = ORIENTED_EDGE('',*,*,#1339,.F.);
#1339 = EDGE_CURVE('',#1340,#1332,#1342,.T.);
#1340 = VERTEX_POINT('',#1341);
#1341 = CARTESIAN_POINT('',(70.,0.,82.));
#1342 = LINE('',#1343,#1344);
#1343 = CARTESIAN_POINT('',(70.,0.,82.));
#1344 = VECTOR('',#1345,1.);
#1345 = DIRECTION('',(1.,0.,0.));
#1346 = ORIENTED_EDGE('',*,*,#1347,.F.);
#1347 = EDGE_CURVE('',#1348,#1340,#1350,.T.);
#1348 = VERTEX_POINT('',#1349);
#1349 = CARTESIAN_POINT('',(70.,0.,4.));
#1350 = LINE('',#1351,#1352);
#1351 = CARTESIAN_POINT('',(70.,0.,4.));
#1352 = VECTOR('',#1353,1.);
#1353 = DIRECTION('',(0.,0.,1.));
#1354 = ORIENTED_EDGE('',*,*,#1355,.T.);
#1355 = EDGE_CURVE('',#1348,#757,#1356,.T.);
#1356 = LINE('',#1357,#1358);
#1357 = CARTESIAN_POINT('',(128.,0.,4.));
#1358 = VECTOR('',#1359,1.);
#1359 = DIRECTION('',(-1.,0.,0.));
#1360 = ORIENTED_EDGE('',*,*,#766,.T.);
#1361 = ORIENTED_EDGE('',*,*,#1362,.T.);
#1362 = EDGE_CURVE('',#767,#1363,#1365,.T.);
#1363 = VERTEX_POINT('',#1364);
#1364 = CARTESIAN_POINT('',(1.4,0.,74.));
#1365 = LINE('',#1366,#1367);
#1366 = CARTESIAN_POINT('',(32.,0.,74.));
#1367 = VECTOR('',#1368,1.);
#1368 = DIRECTION('',(1.,0.,0.));
#1369 = ORIENTED_EDGE('',*,*,#1370,.F.);
#1370 = EDGE_CURVE('',#1371,#1363,#1373,.T.);
#1371 = VERTEX_POINT('',#1372);
#1372 = CARTESIAN_POINT('',(1.4,0.,76.));
#1373 = LINE('',#1374,#1375);
#1374 = CARTESIAN_POINT('',(1.4,0.,88.));
#1375 = VECTOR('',#1376,1.);
#1376 = DIRECTION('',(-0.,-0.,-1.));
#1377 = ORIENTED_EDGE('',*,*,#1378,.T.);
#1378 = EDGE_CURVE('',#1371,#1379,#1381,.T.);
#1379 = VERTEX_POINT('',#1380);
#1380 = CARTESIAN_POINT('',(4.,0.,76.));
#1381 = LINE('',#1382,#1383);
#1382 = CARTESIAN_POINT('',(32.,0.,76.));
#1383 = VECTOR('',#1384,1.);
#1384 = DIRECTION('',(1.,0.,0.));
#1385 = ORIENTED_EDGE('',*,*,#1386,.F.);
#1386 = EDGE_CURVE('',#254,#1379,#1387,.T.);
#1387 = LINE('',#1388,#1389);
#1388 = CARTESIAN_POINT('',(4.,0.,88.));
#1389 = VECTOR('',#1390,1.);
#1390 = DIRECTION('',(-0.,-0.,-1.));
#1391 = ORIENTED_EDGE('',*,*,#253,.T.);
#1392 = ORIENTED_EDGE('',*,*,#1275,.F.);
#1393 = ORIENTED_EDGE('',*,*,#1394,.T.);
#1394 = EDGE_CURVE('',#1267,#1395,#1397,.T.);
#1395 = VERTEX_POINT('',#1396);
#1396 = CARTESIAN_POINT('',(126.6,0.,76.));
#1397 = LINE('',#1398,#1399);
#1398 = CARTESIAN_POINT('',(32.,0.,76.));
#1399 = VECTOR('',#1400,1.);
#1400 = DIRECTION('',(1.,0.,0.));
#1401 = ORIENTED_EDGE('',*,*,#1402,.F.);
#1402 = EDGE_CURVE('',#1403,#1395,#1405,.T.);
#1403 = VERTEX_POINT('',#1404);
#1404 = CARTESIAN_POINT('',(126.6,0.,74.));
#1405 = LINE('',#1406,#1407);
#1406 = CARTESIAN_POINT('',(126.6,0.,88.));
#1407 = VECTOR('',#1408,1.);
#1408 = DIRECTION('',(0.,0.,1.));
#1409 = ORIENTED_EDGE('',*,*,#1410,.T.);
#1410 = EDGE_CURVE('',#1403,#1196,#1411,.T.);
#1411 = LINE('',#1412,#1413);
#1412 = CARTESIAN_POINT('',(32.,0.,74.));
#1413 = VECTOR('',#1414,1.);
#1414 = DIRECTION('',(1.,0.,0.));
#1415 = FACE_BOUND('',#1416,.T.);
#1416 = EDGE_LOOP('',(#1417,#1427,#1435,#1443));
#1417 = ORIENTED_EDGE('',*,*,#1418,.F.);
#1418 = EDGE_CURVE('',#1419,#1421,#1423,.T.);
#1419 = VERTEX_POINT('',#1420);
#1420 = CARTESIAN_POINT('',(107.,1.2E-14,54.));
#1421 = VERTEX_POINT('',#1422);
#1422 = CARTESIAN_POINT('',(105.,1.2E-14,54.));
#1423 = LINE('',#1424,#1425);
#1424 = CARTESIAN_POINT('',(107.,0.,54.));
#1425 = VECTOR('',#1426,1.);
#1426 = DIRECTION('',(-1.,0.,0.));
#1427 = ORIENTED_EDGE('',*,*,#1428,.F.);
#1428 = EDGE_CURVE('',#1429,#1419,#1431,.T.);
#1429 = VERTEX_POINT('',#1430);
#1430 = CARTESIAN_POINT('',(107.,1.6E-14,74.));
#1431 = LINE('',#1432,#1433);
#1432 = CARTESIAN_POINT('',(107.,0.,74.));
#1433 = VECTOR('',#1434,1.);
#1434 = DIRECTION('',(0.,0.,-1.));
#1435 = ORIENTED_EDGE('',*,*,#1436,.F.);
#1436 = EDGE_CURVE('',#1437,#1429,#1439,.T.);
#1437 = VERTEX_POINT('',#1438);
#1438 = CARTESIAN_POINT('',(105.,1.6E-14,74.));
#1439 = LINE('',#1440,#1441);
#1440 = CARTESIAN_POINT('',(105.,0.,74.));
#1441 = VECTOR('',#1442,1.);
#1442 = DIRECTION('',(1.,0.,0.));
#1443 = ORIENTED_EDGE('',*,*,#1444,.F.);
#1444 = EDGE_CURVE('',#1421,#1437,#1445,.T.);
#1445 = LINE('',#1446,#1447);
#1446 = CARTESIAN_POINT('',(105.,0.,54.));
#1447 = VECTOR('',#1448,1.);
#1448 = DIRECTION('',(0.,0.,1.));
#1449 = FACE_BOUND('',#1450,.T.);
#1450 = EDGE_LOOP('',(#1451,#1461,#1469,#1477));
#1451 = ORIENTED_EDGE('',*,*,#1452,.F.);
#1452 = EDGE_CURVE('',#1453,#1455,#1457,.T.);
#1453 = VERTEX_POINT('',#1454);
#1454 = CARTESIAN_POINT('',(119.,1.2E-14,54.));
#1455 = VERTEX_POINT('',#1456);
#1456 = CARTESIAN_POINT('',(117.,1.2E-14,54.));
#1457 = LINE('',#1458,#1459);
#1458 = CARTESIAN_POINT('',(119.,0.,54.));
#1459 = VECTOR('',#1460,1.);
#1460 = DIRECTION('',(-1.,0.,0.));
#1461 = ORIENTED_EDGE('',*,*,#1462,.F.);
#1462 = EDGE_CURVE('',#1463,#1453,#1465,.T.);
#1463 = VERTEX_POINT('',#1464);
#1464 = CARTESIAN_POINT('',(119.,1.6E-14,74.));
#1465 = LINE('',#1466,#1467);
#1466 = CARTESIAN_POINT('',(119.,0.,74.));
#1467 = VECTOR('',#1468,1.);
#1468 = DIRECTION('',(0.,0.,-1.));
#1469 = ORIENTED_EDGE('',*,*,#1470,.F.);
#1470 = EDGE_CURVE('',#1471,#1463,#1473,.T.);
#1471 = VERTEX_POINT('',#1472);
#1472 = CARTESIAN_POINT('',(117.,1.6E-14,74.));
#1473 = LINE('',#1474,#1475);
#1474 = CARTESIAN_POINT('',(117.,0.,74.));
#1475 = VECTOR('',#1476,1.);
#1476 = DIRECTION('',(1.,0.,0.));
#1477 = ORIENTED_EDGE('',*,*,#1478,.F.);
#1478 = EDGE_CURVE('',#1455,#1471,#1479,.T.);
#1479 = LINE('',#1480,#1481);
#1480 = CARTESIAN_POINT('',(117.,0.,54.));
#1481 = VECTOR('',#1482,1.);
#1482 = DIRECTION('',(0.,0.,1.));
#1483 = FACE_BOUND('',#1484,.T.);
#1484 = EDGE_LOOP('',(#1485,#1495,#1503,#1511));
#1485 = ORIENTED_EDGE('',*,*,#1486,.F.);
#1486 = EDGE_CURVE('',#1487,#1489,#1491,.T.);
#1487 = VERTEX_POINT('',#1488);
#1488 = CARTESIAN_POINT('',(103.,1.2E-14,54.));
#1489 = VERTEX_POINT('',#1490);
#1490 = CARTESIAN_POINT('',(101.,1.2E-14,54.));
#1491 = LINE('',#1492,#1493);
#1492 = CARTESIAN_POINT('',(103.,0.,54.));
#1493 = VECTOR('',#1494,1.);
#1494 = DIRECTION('',(-1.,0.,0.));
#1495 = ORIENTED_EDGE('',*,*,#1496,.F.);
#1496 = EDGE_CURVE('',#1497,#1487,#1499,.T.);
#1497 = VERTEX_POINT('',#1498);
#1498 = CARTESIAN_POINT('',(103.,1.6E-14,74.));
#1499 = LINE('',#1500,#1501);
#1500 = CARTESIAN_POINT('',(103.,0.,74.));
#1501 = VECTOR('',#1502,1.);
#1502 = DIRECTION('',(0.,0.,-1.));
#1503 = ORIENTED_EDGE('',*,*,#1504,.F.);
#1504 = EDGE_CURVE('',#1505,#1497,#1507,.T.);
#1505 = VERTEX_POINT('',#1506);
#1506 = CARTESIAN_POINT('',(101.,1.6E-14,74.));
#1507 = LINE('',#1508,#1509);
#1508 = CARTESIAN_POINT('',(101.,0.,74.));
#1509 = VECTOR('',#1510,1.);
#1510 = DIRECTION('',(1.,0.,0.));
#1511 = ORIENTED_EDGE('',*,*,#1512,.F.);
#1512 = EDGE_CURVE('',#1489,#1505,#1513,.T.);
#1513 = LINE('',#1514,#1515);
#1514 = CARTESIAN_POINT('',(101.,0.,54.));
#1515 = VECTOR('',#1516,1.);
#1516 = DIRECTION('',(0.,0.,1.));
#1517 = FACE_BOUND('',#1518,.T.);
#1518 = EDGE_LOOP('',(#1519,#1529,#1537,#1545));
#1519 = ORIENTED_EDGE('',*,*,#1520,.F.);
#1520 = EDGE_CURVE('',#1521,#1523,#1525,.T.);
#1521 = VERTEX_POINT('',#1522);
#1522 = CARTESIAN_POINT('',(111.,1.2E-14,54.));
#1523 = VERTEX_POINT('',#1524);
#1524 = CARTESIAN_POINT('',(109.,1.2E-14,54.));
#1525 = LINE('',#1526,#1527);
#1526 = CARTESIAN_POINT('',(111.,0.,54.));
#1527 = VECTOR('',#1528,1.);
#1528 = DIRECTION('',(-1.,0.,0.));
#1529 = ORIENTED_EDGE('',*,*,#1530,.F.);
#1530 = EDGE_CURVE('',#1531,#1521,#1533,.T.);
#1531 = VERTEX_POINT('',#1532);
#1532 = CARTESIAN_POINT('',(111.,1.6E-14,74.));
#1533 = LINE('',#1534,#1535);
#1534 = CARTESIAN_POINT('',(111.,0.,74.));
#1535 = VECTOR('',#1536,1.);
#1536 = DIRECTION('',(0.,0.,-1.));
#1537 = ORIENTED_EDGE('',*,*,#1538,.F.);
#1538 = EDGE_CURVE('',#1539,#1531,#1541,.T.);
#1539 = VERTEX_POINT('',#1540);
#1540 = CARTESIAN_POINT('',(109.,1.6E-14,74.));
#1541 = LINE('',#1542,#1543);
#1542 = CARTESIAN_POINT('',(109.,0.,74.));
#1543 = VECTOR('',#1544,1.);
#1544 = DIRECTION('',(1.,0.,0.));
#1545 = ORIENTED_EDGE('',*,*,#1546,.F.);
#1546 = EDGE_CURVE('',#1523,#1539,#1547,.T.);
#1547 = LINE('',#1548,#1549);
#1548 = CARTESIAN_POINT('',(109.,0.,54.));
#1549 = VECTOR('',#1550,1.);
#1550 = DIRECTION('',(0.,0.,1.));
#1551 = FACE_BOUND('',#1552,.T.);
#1552 = EDGE_LOOP('',(#1553,#1563,#1571,#1579));
#1553 = ORIENTED_EDGE('',*,*,#1554,.F.);
#1554 = EDGE_CURVE('',#1555,#1557,#1559,.T.);
#1555 = VERTEX_POINT('',#1556);
#1556 = CARTESIAN_POINT('',(115.,1.2E-14,54.));
#1557 = VERTEX_POINT('',#1558);
#1558 = CARTESIAN_POINT('',(113.,1.2E-14,54.));
#1559 = LINE('',#1560,#1561);
#1560 = CARTESIAN_POINT('',(115.,0.,54.));
#1561 = VECTOR('',#1562,1.);
#1562 = DIRECTION('',(-1.,0.,0.));
#1563 = ORIENTED_EDGE('',*,*,#1564,.F.);
#1564 = EDGE_CURVE('',#1565,#1555,#1567,.T.);
#1565 = VERTEX_POINT('',#1566);
#1566 = CARTESIAN_POINT('',(115.,1.6E-14,74.));
#1567 = LINE('',#1568,#1569);
#1568 = CARTESIAN_POINT('',(115.,0.,74.));
#1569 = VECTOR('',#1570,1.);
#1570 = DIRECTION('',(0.,0.,-1.));
#1571 = ORIENTED_EDGE('',*,*,#1572,.F.);
#1572 = EDGE_CURVE('',#1573,#1565,#1575,.T.);
#1573 = VERTEX_POINT('',#1574);
#1574 = CARTESIAN_POINT('',(113.,1.6E-14,74.));
#1575 = LINE('',#1576,#1577);
#1576 = CARTESIAN_POINT('',(113.,0.,74.));
#1577 = VECTOR('',#1578,1.);
#1578 = DIRECTION('',(1.,0.,0.));
#1579 = ORIENTED_EDGE('',*,*,#1580,.F.);
#1580 = EDGE_CURVE('',#1557,#1573,#1581,.T.);
#1581 = LINE('',#1582,#1583);
#1582 = CARTESIAN_POINT('',(113.,0.,54.));
#1583 = VECTOR('',#1584,1.);
#1584 = DIRECTION('',(0.,0.,1.));
#1585 = PLANE('',#1586);
#1586 = AXIS2_PLACEMENT_3D('',#1587,#1588,#1589);
#1587 = CARTESIAN_POINT('',(0.,0.,0.));
#1588 = DIRECTION('',(0.,1.,0.));
#1589 = DIRECTION('',(1.,0.,0.));
#1590 = ADVANCED_FACE('',(#1591),#1603,.T.);
#1591 = FACE_BOUND('',#1592,.T.);
#1592 = EDGE_LOOP('',(#1593,#1594,#1595,#1602));
#1593 = ORIENTED_EDGE('',*,*,#261,.F.);
#1594 = ORIENTED_EDGE('',*,*,#1386,.T.);
#1595 = ORIENTED_EDGE('',*,*,#1596,.T.);
#1596 = EDGE_CURVE('',#1379,#791,#1597,.T.);
#1597 = CIRCLE('',#1598,4.);
#1598 = AXIS2_PLACEMENT_3D('',#1599,#1600,#1601);
#1599 = CARTESIAN_POINT('',(0.,0.,76.));
#1600 = DIRECTION('',(0.,0.,1.));
#1601 = DIRECTION('',(1.,0.,0.));
#1602 = ORIENTED_EDGE('',*,*,#798,.T.);
#1603 = CYLINDRICAL_SURFACE('',#1604,4.);
#1604 = AXIS2_PLACEMENT_3D('',#1605,#1606,#1607);
#1605 = CARTESIAN_POINT('',(0.,0.,88.));
#1606 = DIRECTION('',(0.,0.,1.));
#1607 = DIRECTION('',(1.,0.,0.));
#1608 = ADVANCED_FACE('',(#1609),#1620,.F.);
#1609 = FACE_BOUND('',#1610,.F.);
#1610 = EDGE_LOOP('',(#1611,#1617,#1618,#1619));
#1611 = ORIENTED_EDGE('',*,*,#1612,.T.);
#1612 = EDGE_CURVE('',#491,#806,#1613,.T.);
#1613 = LINE('',#1614,#1615);
#1614 = CARTESIAN_POINT('',(-4.,35.,84.));
#1615 = VECTOR('',#1616,1.);
#1616 = DIRECTION('',(1.,0.,0.));
#1617 = ORIENTED_EDGE('',*,*,#805,.T.);
#1618 = ORIENTED_EDGE('',*,*,#278,.F.);
#1619 = ORIENTED_EDGE('',*,*,#490,.F.);
#1620 = PLANE('',#1621);
#1621 = AXIS2_PLACEMENT_3D('',#1622,#1623,#1624);
#1622 = CARTESIAN_POINT('',(-4.,35.,84.));
#1623 = DIRECTION('',(0.,-1.,0.));
#1624 = DIRECTION('',(0.,0.,1.));
#1625 = ADVANCED_FACE('',(#1626),#1652,.F.);
#1626 = FACE_BOUND('',#1627,.F.);
#1627 = EDGE_LOOP('',(#1628,#1629,#1635,#1642,#1643,#1650,#1651));
#1628 = ORIENTED_EDGE('',*,*,#345,.F.);
#1629 = ORIENTED_EDGE('',*,*,#1630,.T.);
#1630 = EDGE_CURVE('',#346,#1371,#1631,.T.);
#1631 = LINE('',#1632,#1633);
#1632 = CARTESIAN_POINT('',(1.4,0.,88.));
#1633 = VECTOR('',#1634,1.);
#1634 = DIRECTION('',(-0.,-0.,-1.));
#1635 = ORIENTED_EDGE('',*,*,#1636,.T.);
#1636 = EDGE_CURVE('',#1371,#783,#1637,.T.);
#1637 = CIRCLE('',#1638,1.4);
#1638 = AXIS2_PLACEMENT_3D('',#1639,#1640,#1641);
#1639 = CARTESIAN_POINT('',(0.,0.,76.));
#1640 = DIRECTION('',(0.,0.,1.));
#1641 = DIRECTION('',(1.,0.,0.));
#1642 = ORIENTED_EDGE('',*,*,#782,.F.);
#1643 = ORIENTED_EDGE('',*,*,#1644,.T.);
#1644 = EDGE_CURVE('',#775,#1363,#1645,.T.);
#1645 = CIRCLE('',#1646,1.4);
#1646 = AXIS2_PLACEMENT_3D('',#1647,#1648,#1649);
#1647 = CARTESIAN_POINT('',(0.,0.,74.));
#1648 = DIRECTION('',(0.,0.,1.));
#1649 = DIRECTION('',(1.,0.,0.));
#1650 = ORIENTED_EDGE('',*,*,#1370,.F.);
#1651 = ORIENTED_EDGE('',*,*,#1630,.F.);
#1652 = CYLINDRICAL_SURFACE('',#1653,1.4);
#1653 = AXIS2_PLACEMENT_3D('',#1654,#1655,#1656);
#1654 = CARTESIAN_POINT('',(0.,0.,88.));
#1655 = DIRECTION('',(0.,0.,1.));
#1656 = DIRECTION('',(1.,0.,0.));
#1657 = ADVANCED_FACE('',(#1658),#1693,.F.);
#1658 = FACE_BOUND('',#1659,.F.);
#1659 = EDGE_LOOP('',(#1660,#1661,#1669,#1676,#1677,#1684,#1685,#1692));
#1660 = ORIENTED_EDGE('',*,*,#356,.F.);
#1661 = ORIENTED_EDGE('',*,*,#1662,.T.);
#1662 = EDGE_CURVE('',#357,#1663,#1665,.T.);
#1663 = VERTEX_POINT('',#1664);
#1664 = CARTESIAN_POINT('',(129.4,0.,74.));
#1665 = LINE('',#1666,#1667);
#1666 = CARTESIAN_POINT('',(129.4,0.,88.));
#1667 = VECTOR('',#1668,1.);
#1668 = DIRECTION('',(-0.,-0.,-1.));
#1669 = ORIENTED_EDGE('',*,*,#1670,.T.);
#1670 = EDGE_CURVE('',#1663,#1204,#1671,.T.);
#1671 = CIRCLE('',#1672,1.4);
#1672 = AXIS2_PLACEMENT_3D('',#1673,#1674,#1675);
#1673 = CARTESIAN_POINT('',(128.,0.,74.));
#1674 = DIRECTION('',(0.,0.,1.));
#1675 = DIRECTION('',(1.,0.,0.));
#1676 = ORIENTED_EDGE('',*,*,#1211,.T.);
#1677 = ORIENTED_EDGE('',*,*,#1678,.T.);
#1678 = EDGE_CURVE('',#1212,#1395,#1679,.T.);
#1679 = CIRCLE('',#1680,1.4);
#1680 = AXIS2_PLACEMENT_3D('',#1681,#1682,#1683);
#1681 = CARTESIAN_POINT('',(128.,0.,76.));
#1682 = DIRECTION('',(0.,0.,1.));
#1683 = DIRECTION('',(1.,0.,0.));
#1684 = ORIENTED_EDGE('',*,*,#1402,.F.);
#1685 = ORIENTED_EDGE('',*,*,#1686,.T.);
#1686 = EDGE_CURVE('',#1403,#1663,#1687,.T.);
#1687 = CIRCLE('',#1688,1.4);
#1688 = AXIS2_PLACEMENT_3D('',#1689,#1690,#1691);
#1689 = CARTESIAN_POINT('',(128.,0.,74.));
#1690 = DIRECTION('',(0.,0.,1.));
#1691 = DIRECTION('',(1.,0.,0.));
#1692 = ORIENTED_EDGE('',*,*,#1662,.F.);
#1693 = CYLINDRICAL_SURFACE('',#1694,1.4);
#1694 = AXIS2_PLACEMENT_3D('',#1695,#1696,#1697);
#1695 = CARTESIAN_POINT('',(128.,0.,88.));
#1696 = DIRECTION('',(0.,0.,1.));
#1697 = DIRECTION('',(1.,0.,0.));
#1698 = ADVANCED_FACE('',(#1699),#1725,.F.);
#1699 = FACE_BOUND('',#1700,.F.);
#1700 = EDGE_LOOP('',(#1701,#1702,#1708,#1709,#1716,#1717,#1724));
#1701 = ORIENTED_EDGE('',*,*,#367,.F.);
#1702 = ORIENTED_EDGE('',*,*,#1703,.T.);
#1703 = EDGE_CURVE('',#368,#1027,#1704,.T.);
#1704 = LINE('',#1705,#1706);
#1705 = CARTESIAN_POINT('',(1.4,80.,88.));
#1706 = VECTOR('',#1707,1.);
#1707 = DIRECTION('',(-0.,-0.,-1.));
#1708 = ORIENTED_EDGE('',*,*,#1034,.T.);
#1709 = ORIENTED_EDGE('',*,*,#1710,.T.);
#1710 = EDGE_CURVE('',#1035,#863,#1711,.T.);
#1711 = CIRCLE('',#1712,1.4);
#1712 = AXIS2_PLACEMENT_3D('',#1713,#1714,#1715);
#1713 = CARTESIAN_POINT('',(0.,80.,74.));
#1714 = DIRECTION('',(0.,0.,1.));
#1715 = DIRECTION('',(1.,0.,0.));
#1716 = ORIENTED_EDGE('',*,*,#862,.T.);
#1717 = ORIENTED_EDGE('',*,*,#1718,.T.);
#1718 = EDGE_CURVE('',#855,#1027,#1719,.T.);
#1719 = CIRCLE('',#1720,1.4);
#1720 = AXIS2_PLACEMENT_3D('',#1721,#1722,#1723);
#1721 = CARTESIAN_POINT('',(0.,80.,76.));
#1722 = DIRECTION('',(0.,0.,1.));
#1723 = DIRECTION('',(1.,0.,0.));
#1724 = ORIENTED_EDGE('',*,*,#1703,.F.);
#1725 = CYLINDRICAL_SURFACE('',#1726,1.4);
#1726 = AXIS2_PLACEMENT_3D('',#1727,#1728,#1729);
#1727 = CARTESIAN_POINT('',(0.,80.,88.));
#1728 = DIRECTION('',(0.,0.,1.));
#1729 = DIRECTION('',(1.,0.,0.));
#1730 = ADVANCED_FACE('',(#1731),#1766,.F.);
#1731 = FACE_BOUND('',#1732,.F.);
#1732 = EDGE_LOOP('',(#1733,#1734,#1742,#1749,#1750,#1757,#1758,#1765));
#1733 = ORIENTED_EDGE('',*,*,#378,.F.);
#1734 = ORIENTED_EDGE('',*,*,#1735,.T.);
#1735 = EDGE_CURVE('',#379,#1736,#1738,.T.);
#1736 = VERTEX_POINT('',#1737);
#1737 = CARTESIAN_POINT('',(129.4,80.,74.));
#1738 = LINE('',#1739,#1740);
#1739 = CARTESIAN_POINT('',(129.4,80.,88.));
#1740 = VECTOR('',#1741,1.);
#1741 = DIRECTION('',(-0.,-0.,-1.));
#1742 = ORIENTED_EDGE('',*,*,#1743,.T.);
#1743 = EDGE_CURVE('',#1736,#995,#1744,.T.);
#1744 = CIRCLE('',#1745,1.4);
#1745 = AXIS2_PLACEMENT_3D('',#1746,#1747,#1748);
#1746 = CARTESIAN_POINT('',(128.,80.,74.));
#1747 = DIRECTION('',(0.,0.,1.));
#1748 = DIRECTION('',(1.,0.,0.));
#1749 = ORIENTED_EDGE('',*,*,#1002,.T.);
#1750 = ORIENTED_EDGE('',*,*,#1751,.T.);
#1751 = EDGE_CURVE('',#1003,#1236,#1752,.T.);
#1752 = CIRCLE('',#1753,1.4);
#1753 = AXIS2_PLACEMENT_3D('',#1754,#1755,#1756);
#1754 = CARTESIAN_POINT('',(128.,80.,76.));
#1755 = DIRECTION('',(0.,0.,1.));
#1756 = DIRECTION('',(1.,0.,0.));
#1757 = ORIENTED_EDGE('',*,*,#1243,.F.);
#1758 = ORIENTED_EDGE('',*,*,#1759,.T.);
#1759 = EDGE_CURVE('',#1244,#1736,#1760,.T.);
#1760 = CIRCLE('',#1761,1.4);
#1761 = AXIS2_PLACEMENT_3D('',#1762,#1763,#1764);
#1762 = CARTESIAN_POINT('',(128.,80.,74.));
#1763 = DIRECTION('',(0.,0.,1.));
#1764 = DIRECTION('',(1.,0.,0.));
#1765 = ORIENTED_EDGE('',*,*,#1735,.F.);
#1766 = CYLINDRICAL_SURFACE('',#1767,1.4);
#1767 = AXIS2_PLACEMENT_3D('',#1768,#1769,#1770);
#1768 = CARTESIAN_POINT('',(128.,80.,88.));
#1769 = DIRECTION('',(0.,0.,1.));
#1770 = DIRECTION('',(1.,0.,0.));
#1771 = ADVANCED_FACE('',(#1772),#1795,.T.);
#1772 = FACE_BOUND('',#1773,.T.);
#1773 = EDGE_LOOP('',(#1774,#1782,#1788,#1794));
#1774 = ORIENTED_EDGE('',*,*,#1775,.T.);
#1775 = EDGE_CURVE('',#407,#1776,#1778,.T.);
#1776 = VERTEX_POINT('',#1777);
#1777 = CARTESIAN_POINT('',(128.,31.1,4.));
#1778 = LINE('',#1779,#1780);
#1779 = CARTESIAN_POINT('',(132.,31.1,4.));
#1780 = VECTOR('',#1781,1.);
#1781 = DIRECTION('',(-1.,-0.,-0.));
#1782 = ORIENTED_EDGE('',*,*,#1783,.T.);
#1783 = EDGE_CURVE('',#1776,#1163,#1784,.T.);
#1784 = LINE('',#1785,#1786);
#1785 = CARTESIAN_POINT('',(128.,31.1,4.));
#1786 = VECTOR('',#1787,1.);
#1787 = DIRECTION('',(0.,0.,1.));
#1788 = ORIENTED_EDGE('',*,*,#1789,.F.);
#1789 = EDGE_CURVE('',#409,#1163,#1790,.T.);
#1790 = LINE('',#1791,#1792);
#1791 = CARTESIAN_POINT('',(132.,31.1,11.));
#1792 = VECTOR('',#1793,1.);
#1793 = DIRECTION('',(-1.,-0.,-0.));
#1794 = ORIENTED_EDGE('',*,*,#406,.F.);
#1795 = PLANE('',#1796);
#1796 = AXIS2_PLACEMENT_3D('',#1797,#1798,#1799);
#1797 = CARTESIAN_POINT('',(132.,31.1,4.));
#1798 = DIRECTION('',(0.,1.,0.));
#1799 = DIRECTION('',(0.,0.,1.));
#1800 = ADVANCED_FACE('',(#1801),#1812,.F.);
#1801 = FACE_BOUND('',#1802,.F.);
#1802 = EDGE_LOOP('',(#1803,#1809,#1810,#1811));
#1803 = ORIENTED_EDGE('',*,*,#1804,.T.);
#1804 = EDGE_CURVE('',#460,#1155,#1805,.T.);
#1805 = LINE('',#1806,#1807);
#1806 = CARTESIAN_POINT('',(132.,32.1,12.));
#1807 = VECTOR('',#1808,1.);
#1808 = DIRECTION('',(-1.,-0.,-0.));
#1809 = ORIENTED_EDGE('',*,*,#1162,.T.);
#1810 = ORIENTED_EDGE('',*,*,#1789,.F.);
#1811 = ORIENTED_EDGE('',*,*,#467,.F.);
#1812 = CYLINDRICAL_SURFACE('',#1813,1.);
#1813 = AXIS2_PLACEMENT_3D('',#1814,#1815,#1816);
#1814 = CARTESIAN_POINT('',(132.,32.1,11.));
#1815 = DIRECTION('',(1.,0.,0.));
#1816 = DIRECTION('',(0.,1.1E-16,-1.));
#1817 = ADVANCED_FACE('',(#1818),#1829,.T.);
#1818 = FACE_BOUND('',#1819,.T.);
#1819 = EDGE_LOOP('',(#1820,#1821,#1822,#1828));
#1820 = ORIENTED_EDGE('',*,*,#1804,.T.);
#1821 = ORIENTED_EDGE('',*,*,#1154,.T.);
#1822 = ORIENTED_EDGE('',*,*,#1823,.F.);
#1823 = EDGE_CURVE('',#451,#1146,#1824,.T.);
#1824 = LINE('',#1825,#1826);
#1825 = CARTESIAN_POINT('',(132.,47.9,12.));
#1826 = VECTOR('',#1827,1.);
#1827 = DIRECTION('',(-1.,-0.,-0.));
#1828 = ORIENTED_EDGE('',*,*,#459,.F.);
#1829 = PLANE('',#1830);
#1830 = AXIS2_PLACEMENT_3D('',#1831,#1832,#1833);
#1831 = CARTESIAN_POINT('',(132.,32.1,12.));
#1832 = DIRECTION('',(0.,0.,-1.));
#1833 = DIRECTION('',(0.,1.,0.));
#1834 = ADVANCED_FACE('',(#1835),#1846,.F.);
#1835 = FACE_BOUND('',#1836,.F.);
#1836 = EDGE_LOOP('',(#1837,#1843,#1844,#1845));
#1837 = ORIENTED_EDGE('',*,*,#1838,.T.);
#1838 = EDGE_CURVE('',#443,#1138,#1839,.T.);
#1839 = LINE('',#1840,#1841);
#1840 = CARTESIAN_POINT('',(132.,48.9,11.));
#1841 = VECTOR('',#1842,1.);
#1842 = DIRECTION('',(-1.,-0.,-0.));
#1843 = ORIENTED_EDGE('',*,*,#1145,.T.);
#1844 = ORIENTED_EDGE('',*,*,#1823,.F.);
#1845 = ORIENTED_EDGE('',*,*,#450,.F.);
#1846 = CYLINDRICAL_SURFACE('',#1847,1.);
#1847 = AXIS2_PLACEMENT_3D('',#1848,#1849,#1850);
#1848 = CARTESIAN_POINT('',(132.,47.9,11.));
#1849 = DIRECTION('',(1.,0.,0.));
#1850 = DIRECTION('',(0.,-1.,-1.2E-16));
#1851 = ADVANCED_FACE('',(#1852),#1870,.T.);
#1852 = FACE_BOUND('',#1853,.T.);
#1853 = EDGE_LOOP('',(#1854,#1855,#1863,#1869));
#1854 = ORIENTED_EDGE('',*,*,#1838,.T.);
#1855 = ORIENTED_EDGE('',*,*,#1856,.T.);
#1856 = EDGE_CURVE('',#1138,#1857,#1859,.T.);
#1857 = VERTEX_POINT('',#1858);
#1858 = CARTESIAN_POINT('',(128.,48.9,4.));
#1859 = LINE('',#1860,#1861);
#1860 = CARTESIAN_POINT('',(128.,48.9,11.));
#1861 = VECTOR('',#1862,1.);
#1862 = DIRECTION('',(0.,0.,-1.));
#1863 = ORIENTED_EDGE('',*,*,#1864,.F.);
#1864 = EDGE_CURVE('',#434,#1857,#1865,.T.);
#1865 = LINE('',#1866,#1867);
#1866 = CARTESIAN_POINT('',(132.,48.9,4.));
#1867 = VECTOR('',#1868,1.);
#1868 = DIRECTION('',(-1.,-0.,-0.));
#1869 = ORIENTED_EDGE('',*,*,#442,.F.);
#1870 = PLANE('',#1871);
#1871 = AXIS2_PLACEMENT_3D('',#1872,#1873,#1874);
#1872 = CARTESIAN_POINT('',(132.,48.9,11.));
#1873 = DIRECTION('',(0.,-1.,0.));
#1874 = DIRECTION('',(0.,0.,-1.));
#1875 = ADVANCED_FACE('',(#1876),#1895,.F.);
#1876 = FACE_BOUND('',#1877,.F.);
#1877 = EDGE_LOOP('',(#1878,#1886,#1893,#1894));
#1878 = ORIENTED_EDGE('',*,*,#1879,.T.);
#1879 = EDGE_CURVE('',#426,#1880,#1882,.T.);
#1880 = VERTEX_POINT('',#1881);
#1881 = CARTESIAN_POINT('',(128.,47.9,3.));
#1882 = LINE('',#1883,#1884);
#1883 = CARTESIAN_POINT('',(132.,47.9,3.));
#1884 = VECTOR('',#1885,1.);
#1885 = DIRECTION('',(-1.,-0.,-0.));
#1886 = ORIENTED_EDGE('',*,*,#1887,.T.);
#1887 = EDGE_CURVE('',#1880,#1857,#1888,.T.);
#1888 = CIRCLE('',#1889,1.);
#1889 = AXIS2_PLACEMENT_3D('',#1890,#1891,#1892);
#1890 = CARTESIAN_POINT('',(128.,47.9,4.));
#1891 = DIRECTION('',(1.,0.,-0.));
#1892 = DIRECTION('',(0.,1.1E-16,1.));
#1893 = ORIENTED_EDGE('',*,*,#1864,.F.);
#1894 = ORIENTED_EDGE('',*,*,#433,.F.);
#1895 = CYLINDRICAL_SURFACE('',#1896,1.);
#1896 = AXIS2_PLACEMENT_3D('',#1897,#1898,#1899);
#1897 = CARTESIAN_POINT('',(132.,47.9,4.));
#1898 = DIRECTION('',(1.,0.,0.));
#1899 = DIRECTION('',(0.,1.1E-16,1.));
#1900 = ADVANCED_FACE('',(#1901),#1919,.T.);
#1901 = FACE_BOUND('',#1902,.T.);
#1902 = EDGE_LOOP('',(#1903,#1904,#1912,#1918));
#1903 = ORIENTED_EDGE('',*,*,#1879,.T.);
#1904 = ORIENTED_EDGE('',*,*,#1905,.T.);
#1905 = EDGE_CURVE('',#1880,#1906,#1908,.T.);
#1906 = VERTEX_POINT('',#1907);
#1907 = CARTESIAN_POINT('',(128.,32.1,3.));
#1908 = LINE('',#1909,#1910);
#1909 = CARTESIAN_POINT('',(128.,47.9,3.));
#1910 = VECTOR('',#1911,1.);
#1911 = DIRECTION('',(0.,-1.,0.));
#1912 = ORIENTED_EDGE('',*,*,#1913,.F.);
#1913 = EDGE_CURVE('',#417,#1906,#1914,.T.);
#1914 = LINE('',#1915,#1916);
#1915 = CARTESIAN_POINT('',(132.,32.1,3.));
#1916 = VECTOR('',#1917,1.);
#1917 = DIRECTION('',(-1.,-0.,-0.));
#1918 = ORIENTED_EDGE('',*,*,#425,.F.);
#1919 = PLANE('',#1920);
#1920 = AXIS2_PLACEMENT_3D('',#1921,#1922,#1923);
#1921 = CARTESIAN_POINT('',(132.,47.9,3.));
#1922 = DIRECTION('',(0.,0.,1.));
#1923 = DIRECTION('',(0.,-1.,0.));
#1924 = ADVANCED_FACE('',(#1925),#1937,.F.);
#1925 = FACE_BOUND('',#1926,.F.);
#1926 = EDGE_LOOP('',(#1927,#1928,#1935,#1936));
#1927 = ORIENTED_EDGE('',*,*,#1775,.T.);
#1928 = ORIENTED_EDGE('',*,*,#1929,.T.);
#1929 = EDGE_CURVE('',#1776,#1906,#1930,.T.);
#1930 = CIRCLE('',#1931,1.);
#1931 = AXIS2_PLACEMENT_3D('',#1932,#1933,#1934);
#1932 = CARTESIAN_POINT('',(128.,32.1,4.));
#1933 = DIRECTION('',(1.,0.,0.));
#1934 = DIRECTION('',(0.,1.,0.));
#1935 = ORIENTED_EDGE('',*,*,#1913,.F.);
#1936 = ORIENTED_EDGE('',*,*,#416,.F.);
#1937 = CYLINDRICAL_SURFACE('',#1938,1.);
#1938 = AXIS2_PLACEMENT_3D('',#1939,#1940,#1941);
#1939 = CARTESIAN_POINT('',(132.,32.1,4.));
#1940 = DIRECTION('',(1.,0.,0.));
#1941 = DIRECTION('',(0.,1.,0.));
#1942 = ADVANCED_FACE('',(#1943),#1954,.F.);
#1943 = FACE_BOUND('',#1944,.F.);
#1944 = EDGE_LOOP('',(#1945,#1946,#1947,#1953));
#1945 = ORIENTED_EDGE('',*,*,#894,.T.);
#1946 = ORIENTED_EDGE('',*,*,#830,.T.);
#1947 = ORIENTED_EDGE('',*,*,#1948,.F.);
#1948 = EDGE_CURVE('',#508,#823,#1949,.T.);
#1949 = LINE('',#1950,#1951);
#1950 = CARTESIAN_POINT('',(-4.,43.,82.));
#1951 = VECTOR('',#1952,1.);
#1952 = DIRECTION('',(1.,0.,0.));
#1953 = ORIENTED_EDGE('',*,*,#515,.F.);
#1954 = CYLINDRICAL_SURFACE('',#1955,2.);
#1955 = AXIS2_PLACEMENT_3D('',#1956,#1957,#1958);
#1956 = CARTESIAN_POINT('',(-4.,43.,84.));
#1957 = DIRECTION('',(-1.,0.,0.));
#1958 = DIRECTION('',(0.,-1.,0.));
#1959 = ADVANCED_FACE('',(#1960),#1971,.F.);
#1960 = FACE_BOUND('',#1961,.F.);
#1961 = EDGE_LOOP('',(#1962,#1963,#1964,#1970));
#1962 = ORIENTED_EDGE('',*,*,#1948,.T.);
#1963 = ORIENTED_EDGE('',*,*,#822,.T.);
#1964 = ORIENTED_EDGE('',*,*,#1965,.F.);
#1965 = EDGE_CURVE('',#499,#814,#1966,.T.);
#1966 = LINE('',#1967,#1968);
#1967 = CARTESIAN_POINT('',(-4.,37.,82.));
#1968 = VECTOR('',#1969,1.);
#1969 = DIRECTION('',(1.,0.,0.));
#1970 = ORIENTED_EDGE('',*,*,#507,.F.);
#1971 = PLANE('',#1972);
#1972 = AXIS2_PLACEMENT_3D('',#1973,#1974,#1975);
#1973 = CARTESIAN_POINT('',(-4.,43.,82.));
#1974 = DIRECTION('',(0.,0.,-1.));
#1975 = DIRECTION('',(0.,-1.,0.));
#1976 = ADVANCED_FACE('',(#1977),#1983,.F.);
#1977 = FACE_BOUND('',#1978,.F.);
#1978 = EDGE_LOOP('',(#1979,#1980,#1981,#1982));
#1979 = ORIENTED_EDGE('',*,*,#1965,.T.);
#1980 = ORIENTED_EDGE('',*,*,#813,.T.);
#1981 = ORIENTED_EDGE('',*,*,#1612,.F.);
#1982 = ORIENTED_EDGE('',*,*,#498,.F.);
#1983 = CYLINDRICAL_SURFACE('',#1984,2.);
#1984 = AXIS2_PLACEMENT_3D('',#1985,#1986,#1987);
#1985 = CARTESIAN_POINT('',(-4.,37.,84.));
#1986 = DIRECTION('',(-1.,0.,0.));
#1987 = DIRECTION('',(0.,-1.,0.));
#1988 = ADVANCED_FACE('',(#1989),#2005,.F.);
#1989 = FACE_BOUND('',#1990,.F.);
#1990 = EDGE_LOOP('',(#1991,#1992,#1998,#1999));
#1991 = ORIENTED_EDGE('',*,*,#1418,.F.);
#1992 = ORIENTED_EDGE('',*,*,#1993,.T.);
#1993 = EDGE_CURVE('',#1419,#569,#1994,.T.);
#1994 = LINE('',#1995,#1996);
#1995 = CARTESIAN_POINT('',(107.,1.199E-14,54.));
#1996 = VECTOR('',#1997,1.);
#1997 = DIRECTION('',(0.,-1.,2.2E-16));
#1998 = ORIENTED_EDGE('',*,*,#568,.T.);
#1999 = ORIENTED_EDGE('',*,*,#2000,.F.);
#2000 = EDGE_CURVE('',#1421,#571,#2001,.T.);
#2001 = LINE('',#2002,#2003);
#2002 = CARTESIAN_POINT('',(105.,1.199E-14,54.));
#2003 = VECTOR('',#2004,1.);
#2004 = DIRECTION('',(0.,-1.,2.2E-16));
#2005 = PLANE('',#2006);
#2006 = AXIS2_PLACEMENT_3D('',#2007,#2008,#2009);
#2007 = CARTESIAN_POINT('',(107.,1.199E-14,54.));
#2008 = DIRECTION('',(-0.,-2.2E-16,-1.));
#2009 = DIRECTION('',(-1.,0.,0.));
#2010 = ADVANCED_FACE('',(#2011),#2022,.F.);
#2011 = FACE_BOUND('',#2012,.F.);
#2012 = EDGE_LOOP('',(#2013,#2014,#2015,#2016));
#2013 = ORIENTED_EDGE('',*,*,#1444,.F.);
#2014 = ORIENTED_EDGE('',*,*,#2000,.T.);
#2015 = ORIENTED_EDGE('',*,*,#594,.T.);
#2016 = ORIENTED_EDGE('',*,*,#2017,.F.);
#2017 = EDGE_CURVE('',#1437,#587,#2018,.T.);
#2018 = LINE('',#2019,#2020);
#2019 = CARTESIAN_POINT('',(105.,1.643E-14,74.));
#2020 = VECTOR('',#2021,1.);
#2021 = DIRECTION('',(0.,-1.,2.2E-16));
#2022 = PLANE('',#2023);
#2023 = AXIS2_PLACEMENT_3D('',#2024,#2025,#2026);
#2024 = CARTESIAN_POINT('',(105.,1.199E-14,54.));
#2025 = DIRECTION('',(-1.,0.,0.));
#2026 = DIRECTION('',(0.,2.2E-16,1.));
#2027 = ADVANCED_FACE('',(#2028),#2039,.F.);
#2028 = FACE_BOUND('',#2029,.F.);
#2029 = EDGE_LOOP('',(#2030,#2031,#2032,#2033));
#2030 = ORIENTED_EDGE('',*,*,#1436,.F.);
#2031 = ORIENTED_EDGE('',*,*,#2017,.T.);
#2032 = ORIENTED_EDGE('',*,*,#586,.T.);
#2033 = ORIENTED_EDGE('',*,*,#2034,.F.);
#2034 = EDGE_CURVE('',#1429,#579,#2035,.T.);
#2035 = LINE('',#2036,#2037);
#2036 = CARTESIAN_POINT('',(107.,1.643E-14,74.));
#2037 = VECTOR('',#2038,1.);
#2038 = DIRECTION('',(0.,-1.,2.2E-16));
#2039 = PLANE('',#2040);
#2040 = AXIS2_PLACEMENT_3D('',#2041,#2042,#2043);
#2041 = CARTESIAN_POINT('',(105.,1.643E-14,74.));
#2042 = DIRECTION('',(0.,2.2E-16,1.));
#2043 = DIRECTION('',(1.,0.,-0.));
#2044 = ADVANCED_FACE('',(#2045),#2051,.F.);
#2045 = FACE_BOUND('',#2046,.F.);
#2046 = EDGE_LOOP('',(#2047,#2048,#2049,#2050));
#2047 = ORIENTED_EDGE('',*,*,#1428,.F.);
#2048 = ORIENTED_EDGE('',*,*,#2034,.T.);
#2049 = ORIENTED_EDGE('',*,*,#578,.T.);
#2050 = ORIENTED_EDGE('',*,*,#1993,.F.);
#2051 = PLANE('',#2052);
#2052 = AXIS2_PLACEMENT_3D('',#2053,#2054,#2055);
#2053 = CARTESIAN_POINT('',(107.,1.643E-14,74.));
#2054 = DIRECTION('',(1.,0.,0.));
#2055 = DIRECTION('',(0.,-2.2E-16,-1.));
#2056 = ADVANCED_FACE('',(#2057),#2073,.F.);
#2057 = FACE_BOUND('',#2058,.F.);
#2058 = EDGE_LOOP('',(#2059,#2060,#2066,#2067));
#2059 = ORIENTED_EDGE('',*,*,#1452,.F.);
#2060 = ORIENTED_EDGE('',*,*,#2061,.T.);
#2061 = EDGE_CURVE('',#1453,#603,#2062,.T.);
#2062 = LINE('',#2063,#2064);
#2063 = CARTESIAN_POINT('',(119.,1.199E-14,54.));
#2064 = VECTOR('',#2065,1.);
#2065 = DIRECTION('',(0.,-1.,2.2E-16));
#2066 = ORIENTED_EDGE('',*,*,#602,.T.);
#2067 = ORIENTED_EDGE('',*,*,#2068,.F.);
#2068 = EDGE_CURVE('',#1455,#605,#2069,.T.);
#2069 = LINE('',#2070,#2071);
#2070 = CARTESIAN_POINT('',(117.,1.199E-14,54.));
#2071 = VECTOR('',#2072,1.);
#2072 = DIRECTION('',(0.,-1.,2.2E-16));
#2073 = PLANE('',#2074);
#2074 = AXIS2_PLACEMENT_3D('',#2075,#2076,#2077);
#2075 = CARTESIAN_POINT('',(119.,1.199E-14,54.));
#2076 = DIRECTION('',(-0.,-2.2E-16,-1.));
#2077 = DIRECTION('',(-1.,0.,0.));
#2078 = ADVANCED_FACE('',(#2079),#2090,.F.);
#2079 = FACE_BOUND('',#2080,.F.);
#2080 = EDGE_LOOP('',(#2081,#2082,#2083,#2084));
#2081 = ORIENTED_EDGE('',*,*,#1478,.F.);
#2082 = ORIENTED_EDGE('',*,*,#2068,.T.);
#2083 = ORIENTED_EDGE('',*,*,#628,.T.);
#2084 = ORIENTED_EDGE('',*,*,#2085,.F.);
#2085 = EDGE_CURVE('',#1471,#621,#2086,.T.);
#2086 = LINE('',#2087,#2088);
#2087 = CARTESIAN_POINT('',(117.,1.643E-14,74.));
#2088 = VECTOR('',#2089,1.);
#2089 = DIRECTION('',(0.,-1.,2.2E-16));
#2090 = PLANE('',#2091);
#2091 = AXIS2_PLACEMENT_3D('',#2092,#2093,#2094);
#2092 = CARTESIAN_POINT('',(117.,1.199E-14,54.));
#2093 = DIRECTION('',(-1.,0.,0.));
#2094 = DIRECTION('',(0.,2.2E-16,1.));
#2095 = ADVANCED_FACE('',(#2096),#2107,.F.);
#2096 = FACE_BOUND('',#2097,.F.);
#2097 = EDGE_LOOP('',(#2098,#2099,#2100,#2101));
#2098 = ORIENTED_EDGE('',*,*,#1470,.F.);
#2099 = ORIENTED_EDGE('',*,*,#2085,.T.);
#2100 = ORIENTED_EDGE('',*,*,#620,.T.);
#2101 = ORIENTED_EDGE('',*,*,#2102,.F.);
#2102 = EDGE_CURVE('',#1463,#613,#2103,.T.);
#2103 = LINE('',#2104,#2105);
#2104 = CARTESIAN_POINT('',(119.,1.643E-14,74.));
#2105 = VECTOR('',#2106,1.);
#2106 = DIRECTION('',(0.,-1.,2.2E-16));
#2107 = PLANE('',#2108);
#2108 = AXIS2_PLACEMENT_3D('',#2109,#2110,#2111);
#2109 = CARTESIAN_POINT('',(117.,1.643E-14,74.));
#2110 = DIRECTION('',(0.,2.2E-16,1.));
#2111 = DIRECTION('',(1.,0.,-0.));
#2112 = ADVANCED_FACE('',(#2113),#2119,.F.);
#2113 = FACE_BOUND('',#2114,.F.);
#2114 = EDGE_LOOP('',(#2115,#2116,#2117,#2118));
#2115 = ORIENTED_EDGE('',*,*,#1462,.F.);
#2116 = ORIENTED_EDGE('',*,*,#2102,.T.);
#2117 = ORIENTED_EDGE('',*,*,#612,.T.);
#2118 = ORIENTED_EDGE('',*,*,#2061,.F.);
#2119 = PLANE('',#2120);
#2120 = AXIS2_PLACEMENT_3D('',#2121,#2122,#2123);
#2121 = CARTESIAN_POINT('',(119.,1.643E-14,74.));
#2122 = DIRECTION('',(1.,0.,0.));
#2123 = DIRECTION('',(0.,-2.2E-16,-1.));
#2124 = ADVANCED_FACE('',(#2125),#2141,.F.);
#2125 = FACE_BOUND('',#2126,.F.);
#2126 = EDGE_LOOP('',(#2127,#2128,#2134,#2135));
#2127 = ORIENTED_EDGE('',*,*,#1486,.F.);
#2128 = ORIENTED_EDGE('',*,*,#2129,.T.);
#2129 = EDGE_CURVE('',#1487,#637,#2130,.T.);
#2130 = LINE('',#2131,#2132);
#2131 = CARTESIAN_POINT('',(103.,1.199E-14,54.));
#2132 = VECTOR('',#2133,1.);
#2133 = DIRECTION('',(0.,-1.,2.2E-16));
#2134 = ORIENTED_EDGE('',*,*,#636,.T.);
#2135 = ORIENTED_EDGE('',*,*,#2136,.F.);
#2136 = EDGE_CURVE('',#1489,#639,#2137,.T.);
#2137 = LINE('',#2138,#2139);
#2138 = CARTESIAN_POINT('',(101.,1.199E-14,54.));
#2139 = VECTOR('',#2140,1.);
#2140 = DIRECTION('',(0.,-1.,2.2E-16));
#2141 = PLANE('',#2142);
#2142 = AXIS2_PLACEMENT_3D('',#2143,#2144,#2145);
#2143 = CARTESIAN_POINT('',(103.,1.199E-14,54.));
#2144 = DIRECTION('',(-0.,-2.2E-16,-1.));
#2145 = DIRECTION('',(-1.,0.,0.));
#2146 = ADVANCED_FACE('',(#2147),#2158,.F.);
#2147 = FACE_BOUND('',#2148,.F.);
#2148 = EDGE_LOOP('',(#2149,#2150,#2151,#2152));
#2149 = ORIENTED_EDGE('',*,*,#1512,.F.);
#2150 = ORIENTED_EDGE('',*,*,#2136,.T.);
#2151 = ORIENTED_EDGE('',*,*,#662,.T.);
#2152 = ORIENTED_EDGE('',*,*,#2153,.F.);
#2153 = EDGE_CURVE('',#1505,#655,#2154,.T.);
#2154 = LINE('',#2155,#2156);
#2155 = CARTESIAN_POINT('',(101.,1.643E-14,74.));
#2156 = VECTOR('',#2157,1.);
#2157 = DIRECTION('',(0.,-1.,2.2E-16));
#2158 = PLANE('',#2159);
#2159 = AXIS2_PLACEMENT_3D('',#2160,#2161,#2162);
#2160 = CARTESIAN_POINT('',(101.,1.199E-14,54.));
#2161 = DIRECTION('',(-1.,0.,0.));
#2162 = DIRECTION('',(0.,2.2E-16,1.));
#2163 = ADVANCED_FACE('',(#2164),#2175,.F.);
#2164 = FACE_BOUND('',#2165,.F.);
#2165 = EDGE_LOOP('',(#2166,#2167,#2168,#2169));
#2166 = ORIENTED_EDGE('',*,*,#1504,.F.);
#2167 = ORIENTED_EDGE('',*,*,#2153,.T.);
#2168 = ORIENTED_EDGE('',*,*,#654,.T.);
#2169 = ORIENTED_EDGE('',*,*,#2170,.F.);
#2170 = EDGE_CURVE('',#1497,#647,#2171,.T.);
#2171 = LINE('',#2172,#2173);
#2172 = CARTESIAN_POINT('',(103.,1.643E-14,74.));
#2173 = VECTOR('',#2174,1.);
#2174 = DIRECTION('',(0.,-1.,2.2E-16));
#2175 = PLANE('',#2176);
#2176 = AXIS2_PLACEMENT_3D('',#2177,#2178,#2179);
#2177 = CARTESIAN_POINT('',(101.,1.643E-14,74.));
#2178 = DIRECTION('',(0.,2.2E-16,1.));
#2179 = DIRECTION('',(1.,0.,-0.));
#2180 = ADVANCED_FACE('',(#2181),#2187,.F.);
#2181 = FACE_BOUND('',#2182,.F.);
#2182 = EDGE_LOOP('',(#2183,#2184,#2185,#2186));
#2183 = ORIENTED_EDGE('',*,*,#1496,.F.);
#2184 = ORIENTED_EDGE('',*,*,#2170,.T.);
#2185 = ORIENTED_EDGE('',*,*,#646,.T.);
#2186 = ORIENTED_EDGE('',*,*,#2129,.F.);
#2187 = PLANE('',#2188);
#2188 = AXIS2_PLACEMENT_3D('',#2189,#2190,#2191);
#2189 = CARTESIAN_POINT('',(103.,1.643E-14,74.));
#2190 = DIRECTION('',(1.,0.,0.));
#2191 = DIRECTION('',(0.,-2.2E-16,-1.));
#2192 = ADVANCED_FACE('',(#2193),#2209,.F.);
#2193 = FACE_BOUND('',#2194,.F.);
#2194 = EDGE_LOOP('',(#2195,#2196,#2202,#2203));
#2195 = ORIENTED_EDGE('',*,*,#1520,.F.);
#2196 = ORIENTED_EDGE('',*,*,#2197,.T.);
#2197 = EDGE_CURVE('',#1521,#671,#2198,.T.);
#2198 = LINE('',#2199,#2200);
#2199 = CARTESIAN_POINT('',(111.,1.199E-14,54.));
#2200 = VECTOR('',#2201,1.);
#2201 = DIRECTION('',(0.,-1.,2.2E-16));
#2202 = ORIENTED_EDGE('',*,*,#670,.T.);
#2203 = ORIENTED_EDGE('',*,*,#2204,.F.);
#2204 = EDGE_CURVE('',#1523,#673,#2205,.T.);
#2205 = LINE('',#2206,#2207);
#2206 = CARTESIAN_POINT('',(109.,1.199E-14,54.));
#2207 = VECTOR('',#2208,1.);
#2208 = DIRECTION('',(0.,-1.,2.2E-16));
#2209 = PLANE('',#2210);
#2210 = AXIS2_PLACEMENT_3D('',#2211,#2212,#2213);
#2211 = CARTESIAN_POINT('',(111.,1.199E-14,54.));
#2212 = DIRECTION('',(-0.,-2.2E-16,-1.));
#2213 = DIRECTION('',(-1.,0.,0.));
#2214 = ADVANCED_FACE('',(#2215),#2226,.F.);
#2215 = FACE_BOUND('',#2216,.F.);
#2216 = EDGE_LOOP('',(#2217,#2218,#2219,#2220));
#2217 = ORIENTED_EDGE('',*,*,#1546,.F.);
#2218 = ORIENTED_EDGE('',*,*,#2204,.T.);
#2219 = ORIENTED_EDGE('',*,*,#696,.T.);
#2220 = ORIENTED_EDGE('',*,*,#2221,.F.);
#2221 = EDGE_CURVE('',#1539,#689,#2222,.T.);
#2222 = LINE('',#2223,#2224);
#2223 = CARTESIAN_POINT('',(109.,1.643E-14,74.));
#2224 = VECTOR('',#2225,1.);
#2225 = DIRECTION('',(0.,-1.,2.2E-16));
#2226 = PLANE('',#2227);
#2227 = AXIS2_PLACEMENT_3D('',#2228,#2229,#2230);
#2228 = CARTESIAN_POINT('',(109.,1.199E-14,54.));
#2229 = DIRECTION('',(-1.,0.,0.));
#2230 = DIRECTION('',(0.,2.2E-16,1.));
#2231 = ADVANCED_FACE('',(#2232),#2243,.F.);
#2232 = FACE_BOUND('',#2233,.F.);
#2233 = EDGE_LOOP('',(#2234,#2235,#2236,#2237));
#2234 = ORIENTED_EDGE('',*,*,#1538,.F.);
#2235 = ORIENTED_EDGE('',*,*,#2221,.T.);
#2236 = ORIENTED_EDGE('',*,*,#688,.T.);
#2237 = ORIENTED_EDGE('',*,*,#2238,.F.);
#2238 = EDGE_CURVE('',#1531,#681,#2239,.T.);
#2239 = LINE('',#2240,#2241);
#2240 = CARTESIAN_POINT('',(111.,1.643E-14,74.));
#2241 = VECTOR('',#2242,1.);
#2242 = DIRECTION('',(0.,-1.,2.2E-16));
#2243 = PLANE('',#2244);
#2244 = AXIS2_PLACEMENT_3D('',#2245,#2246,#2247);
#2245 = CARTESIAN_POINT('',(109.,1.643E-14,74.));
#2246 = DIRECTION('',(0.,2.2E-16,1.));
#2247 = DIRECTION('',(1.,0.,-0.));
#2248 = ADVANCED_FACE('',(#2249),#2255,.F.);
#2249 = FACE_BOUND('',#2250,.F.);
#2250 = EDGE_LOOP('',(#2251,#2252,#2253,#2254));
#2251 = ORIENTED_EDGE('',*,*,#1530,.F.);
#2252 = ORIENTED_EDGE('',*,*,#2238,.T.);
#2253 = ORIENTED_EDGE('',*,*,#680,.T.);
#2254 = ORIENTED_EDGE('',*,*,#2197,.F.);
#2255 = PLANE('',#2256);
#2256 = AXIS2_PLACEMENT_3D('',#2257,#2258,#2259);
#2257 = CARTESIAN_POINT('',(111.,1.643E-14,74.));
#2258 = DIRECTION('',(1.,0.,0.));
#2259 = DIRECTION('',(0.,-2.2E-16,-1.));
#2260 = ADVANCED_FACE('',(#2261),#2277,.F.);
#2261 = FACE_BOUND('',#2262,.F.);
#2262 = EDGE_LOOP('',(#2263,#2264,#2270,#2271));
#2263 = ORIENTED_EDGE('',*,*,#1554,.F.);
#2264 = ORIENTED_EDGE('',*,*,#2265,.T.);
#2265 = EDGE_CURVE('',#1555,#705,#2266,.T.);
#2266 = LINE('',#2267,#2268);
#2267 = CARTESIAN_POINT('',(115.,1.199E-14,54.));
#2268 = VECTOR('',#2269,1.);
#2269 = DIRECTION('',(0.,-1.,2.2E-16));
#2270 = ORIENTED_EDGE('',*,*,#704,.T.);
#2271 = ORIENTED_EDGE('',*,*,#2272,.F.);
#2272 = EDGE_CURVE('',#1557,#707,#2273,.T.);
#2273 = LINE('',#2274,#2275);
#2274 = CARTESIAN_POINT('',(113.,1.199E-14,54.));
#2275 = VECTOR('',#2276,1.);
#2276 = DIRECTION('',(0.,-1.,2.2E-16));
#2277 = PLANE('',#2278);
#2278 = AXIS2_PLACEMENT_3D('',#2279,#2280,#2281);
#2279 = CARTESIAN_POINT('',(115.,1.199E-14,54.));
#2280 = DIRECTION('',(-0.,-2.2E-16,-1.));
#2281 = DIRECTION('',(-1.,0.,0.));
#2282 = ADVANCED_FACE('',(#2283),#2294,.F.);
#2283 = FACE_BOUND('',#2284,.F.);
#2284 = EDGE_LOOP('',(#2285,#2286,#2287,#2288));
#2285 = ORIENTED_EDGE('',*,*,#1580,.F.);
#2286 = ORIENTED_EDGE('',*,*,#2272,.T.);
#2287 = ORIENTED_EDGE('',*,*,#730,.T.);
#2288 = ORIENTED_EDGE('',*,*,#2289,.F.);
#2289 = EDGE_CURVE('',#1573,#723,#2290,.T.);
#2290 = LINE('',#2291,#2292);
#2291 = CARTESIAN_POINT('',(113.,1.643E-14,74.));
#2292 = VECTOR('',#2293,1.);
#2293 = DIRECTION('',(0.,-1.,2.2E-16));
#2294 = PLANE('',#2295);
#2295 = AXIS2_PLACEMENT_3D('',#2296,#2297,#2298);
#2296 = CARTESIAN_POINT('',(113.,1.199E-14,54.));
#2297 = DIRECTION('',(-1.,0.,0.));
#2298 = DIRECTION('',(0.,2.2E-16,1.));
#2299 = ADVANCED_FACE('',(#2300),#2311,.F.);
#2300 = FACE_BOUND('',#2301,.F.);
#2301 = EDGE_LOOP('',(#2302,#2303,#2304,#2305));
#2302 = ORIENTED_EDGE('',*,*,#1572,.F.);
#2303 = ORIENTED_EDGE('',*,*,#2289,.T.);
#2304 = ORIENTED_EDGE('',*,*,#722,.T.);
#2305 = ORIENTED_EDGE('',*,*,#2306,.F.);
#2306 = EDGE_CURVE('',#1565,#715,#2307,.T.);
#2307 = LINE('',#2308,#2309);
#2308 = CARTESIAN_POINT('',(115.,1.643E-14,74.));
#2309 = VECTOR('',#2310,1.);
#2310 = DIRECTION('',(0.,-1.,2.2E-16));
#2311 = PLANE('',#2312);
#2312 = AXIS2_PLACEMENT_3D('',#2313,#2314,#2315);
#2313 = CARTESIAN_POINT('',(113.,1.643E-14,74.));
#2314 = DIRECTION('',(0.,2.2E-16,1.));
#2315 = DIRECTION('',(1.,0.,-0.));
#2316 = ADVANCED_FACE('',(#2317),#2323,.F.);
#2317 = FACE_BOUND('',#2318,.F.);
#2318 = EDGE_LOOP('',(#2319,#2320,#2321,#2322));
#2319 = ORIENTED_EDGE('',*,*,#1564,.F.);
#2320 = ORIENTED_EDGE('',*,*,#2306,.T.);
#2321 = ORIENTED_EDGE('',*,*,#714,.T.);
#2322 = ORIENTED_EDGE('',*,*,#2265,.F.);
#2323 = PLANE('',#2324);
#2324 = AXIS2_PLACEMENT_3D('',#2325,#2326,#2327);
#2325 = CARTESIAN_POINT('',(115.,1.643E-14,74.));
#2326 = DIRECTION('',(1.,0.,0.));
#2327 = DIRECTION('',(0.,-2.2E-16,-1.));
#2328 = ADVANCED_FACE('',(#2329,#2546,#2580,#2614),#2648,.T.);
#2329 = FACE_BOUND('',#2330,.T.);
#2330 = EDGE_LOOP('',(#2331,#2332,#2333,#2341,#2349,#2355,#2356,#2364,
    #2372,#2380,#2388,#2396,#2404,#2410,#2411,#2412,#2420,#2428,#2436,
    #2444,#2452,#2460,#2466,#2467,#2468,#2476,#2484,#2492,#2500,#2508,
    #2516,#2522,#2523,#2531,#2539,#2545));
#2331 = ORIENTED_EDGE('',*,*,#756,.F.);
#2332 = ORIENTED_EDGE('',*,*,#1355,.F.);
#2333 = ORIENTED_EDGE('',*,*,#2334,.T.);
#2334 = EDGE_CURVE('',#1348,#2335,#2337,.T.);
#2335 = VERTEX_POINT('',#2336);
#2336 = CARTESIAN_POINT('',(70.,30.,4.));
#2337 = LINE('',#2338,#2339);
#2338 = CARTESIAN_POINT('',(70.,0.,4.));
#2339 = VECTOR('',#2340,1.);
#2340 = DIRECTION('',(0.,1.,0.));
#2341 = ORIENTED_EDGE('',*,*,#2342,.F.);
#2342 = EDGE_CURVE('',#2343,#2335,#2345,.T.);
#2343 = VERTEX_POINT('',#2344);
#2344 = CARTESIAN_POINT('',(74.,30.,4.));
#2345 = LINE('',#2346,#2347);
#2346 = CARTESIAN_POINT('',(74.,30.,4.));
#2347 = VECTOR('',#2348,1.);
#2348 = DIRECTION('',(-1.,0.,0.));
#2349 = ORIENTED_EDGE('',*,*,#2350,.F.);
#2350 = EDGE_CURVE('',#1324,#2343,#2351,.T.);
#2351 = LINE('',#2352,#2353);
#2352 = CARTESIAN_POINT('',(74.,0.,4.));
#2353 = VECTOR('',#2354,1.);
#2354 = DIRECTION('',(0.,1.,0.));
#2355 = ORIENTED_EDGE('',*,*,#1323,.F.);
#2356 = ORIENTED_EDGE('',*,*,#2357,.T.);
#2357 = EDGE_CURVE('',#1316,#2358,#2360,.T.);
#2358 = VERTEX_POINT('',#2359);
#2359 = CARTESIAN_POINT('',(84.,15.8,4.));
#2360 = LINE('',#2361,#2362);
#2361 = CARTESIAN_POINT('',(84.,0.,4.));
#2362 = VECTOR('',#2363,1.);
#2363 = DIRECTION('',(0.,1.,0.));
#2364 = ORIENTED_EDGE('',*,*,#2365,.T.);
#2365 = EDGE_CURVE('',#2358,#2366,#2368,.T.);
#2366 = VERTEX_POINT('',#2367);
#2367 = CARTESIAN_POINT('',(86.4,15.8,4.));
#2368 = LINE('',#2369,#2370);
#2369 = CARTESIAN_POINT('',(84.,15.8,4.));
#2370 = VECTOR('',#2371,1.);
#2371 = DIRECTION('',(1.,0.,0.));
#2372 = ORIENTED_EDGE('',*,*,#2373,.T.);
#2373 = EDGE_CURVE('',#2366,#2374,#2376,.T.);
#2374 = VERTEX_POINT('',#2375);
#2375 = CARTESIAN_POINT('',(86.4,13.,4.));
#2376 = LINE('',#2377,#2378);
#2377 = CARTESIAN_POINT('',(86.4,15.8,4.));
#2378 = VECTOR('',#2379,1.);
#2379 = DIRECTION('',(0.,-1.,0.));
#2380 = ORIENTED_EDGE('',*,*,#2381,.T.);
#2381 = EDGE_CURVE('',#2374,#2382,#2384,.T.);
#2382 = VERTEX_POINT('',#2383);
#2383 = CARTESIAN_POINT('',(89.6,13.,4.));
#2384 = LINE('',#2385,#2386);
#2385 = CARTESIAN_POINT('',(86.4,13.,4.));
#2386 = VECTOR('',#2387,1.);
#2387 = DIRECTION('',(1.,0.,0.));
#2388 = ORIENTED_EDGE('',*,*,#2389,.T.);
#2389 = EDGE_CURVE('',#2382,#2390,#2392,.T.);
#2390 = VERTEX_POINT('',#2391);
#2391 = CARTESIAN_POINT('',(89.6,15.8,4.));
#2392 = LINE('',#2393,#2394);
#2393 = CARTESIAN_POINT('',(89.6,13.,4.));
#2394 = VECTOR('',#2395,1.);
#2395 = DIRECTION('',(0.,1.,0.));
#2396 = ORIENTED_EDGE('',*,*,#2397,.T.);
#2397 = EDGE_CURVE('',#2390,#2398,#2400,.T.);
#2398 = VERTEX_POINT('',#2399);
#2399 = CARTESIAN_POINT('',(92.,15.8,4.));
#2400 = LINE('',#2401,#2402);
#2401 = CARTESIAN_POINT('',(89.6,15.8,4.));
#2402 = VECTOR('',#2403,1.);
#2403 = DIRECTION('',(1.,0.,0.));
#2404 = ORIENTED_EDGE('',*,*,#2405,.F.);
#2405 = EDGE_CURVE('',#1292,#2398,#2406,.T.);
#2406 = LINE('',#2407,#2408);
#2407 = CARTESIAN_POINT('',(92.,0.,4.));
#2408 = VECTOR('',#2409,1.);
#2409 = DIRECTION('',(0.,1.,0.));
#2410 = ORIENTED_EDGE('',*,*,#1291,.F.);
#2411 = ORIENTED_EDGE('',*,*,#1187,.F.);
#2412 = ORIENTED_EDGE('',*,*,#2413,.T.);
#2413 = EDGE_CURVE('',#1180,#2414,#2416,.T.);
#2414 = VERTEX_POINT('',#2415);
#2415 = CARTESIAN_POINT('',(113.8,30.1,4.));
#2416 = LINE('',#2417,#2418);
#2417 = CARTESIAN_POINT('',(96.,30.1,4.));
#2418 = VECTOR('',#2419,1.);
#2419 = DIRECTION('',(-1.,1.1E-16,0.));
#2420 = ORIENTED_EDGE('',*,*,#2421,.F.);
#2421 = EDGE_CURVE('',#2422,#2414,#2424,.T.);
#2422 = VERTEX_POINT('',#2423);
#2423 = CARTESIAN_POINT('',(113.8,32.1,4.));
#2424 = LINE('',#2425,#2426);
#2425 = CARTESIAN_POINT('',(113.8,32.1,4.));
#2426 = VECTOR('',#2427,1.);
#2427 = DIRECTION('',(0.,-1.,0.));
#2428 = ORIENTED_EDGE('',*,*,#2429,.T.);
#2429 = EDGE_CURVE('',#2422,#2430,#2432,.T.);
#2430 = VERTEX_POINT('',#2431);
#2431 = CARTESIAN_POINT('',(128.,32.1,4.));
#2432 = LINE('',#2433,#2434);
#2433 = CARTESIAN_POINT('',(128.,32.1,4.));
#2434 = VECTOR('',#2435,1.);
#2435 = DIRECTION('',(1.,0.,0.));
#2436 = ORIENTED_EDGE('',*,*,#2437,.F.);
#2437 = EDGE_CURVE('',#2438,#2430,#2440,.T.);
#2438 = VERTEX_POINT('',#2439);
#2439 = CARTESIAN_POINT('',(128.,47.9,4.));
#2440 = LINE('',#2441,#2442);
#2441 = CARTESIAN_POINT('',(128.,47.9,4.));
#2442 = VECTOR('',#2443,1.);
#2443 = DIRECTION('',(0.,-1.,0.));
#2444 = ORIENTED_EDGE('',*,*,#2445,.F.);
#2445 = EDGE_CURVE('',#2446,#2438,#2448,.T.);
#2446 = VERTEX_POINT('',#2447);
#2447 = CARTESIAN_POINT('',(113.8,47.9,4.));
#2448 = LINE('',#2449,#2450);
#2449 = CARTESIAN_POINT('',(128.,47.9,4.));
#2450 = VECTOR('',#2451,1.);
#2451 = DIRECTION('',(1.,0.,0.));
#2452 = ORIENTED_EDGE('',*,*,#2453,.F.);
#2453 = EDGE_CURVE('',#2454,#2446,#2456,.T.);
#2454 = VERTEX_POINT('',#2455);
#2455 = CARTESIAN_POINT('',(113.8,49.9,4.));
#2456 = LINE('',#2457,#2458);
#2457 = CARTESIAN_POINT('',(113.8,49.9,4.));
#2458 = VECTOR('',#2459,1.);
#2459 = DIRECTION('',(0.,-1.,0.));
#2460 = ORIENTED_EDGE('',*,*,#2461,.F.);
#2461 = EDGE_CURVE('',#1122,#2454,#2462,.T.);
#2462 = LINE('',#2463,#2464);
#2463 = CARTESIAN_POINT('',(96.,49.9,4.));
#2464 = VECTOR('',#2465,1.);
#2465 = DIRECTION('',(-1.,1.1E-16,0.));
#2466 = ORIENTED_EDGE('',*,*,#1121,.F.);
#2467 = ORIENTED_EDGE('',*,*,#978,.F.);
#2468 = ORIENTED_EDGE('',*,*,#2469,.T.);
#2469 = EDGE_CURVE('',#971,#2470,#2472,.T.);
#2470 = VERTEX_POINT('',#2471);
#2471 = CARTESIAN_POINT('',(92.,64.2,4.));
#2472 = LINE('',#2473,#2474);
#2473 = CARTESIAN_POINT('',(92.,80.,4.));
#2474 = VECTOR('',#2475,1.);
#2475 = DIRECTION('',(0.,-1.,0.));
#2476 = ORIENTED_EDGE('',*,*,#2477,.T.);
#2477 = EDGE_CURVE('',#2470,#2478,#2480,.T.);
#2478 = VERTEX_POINT('',#2479);
#2479 = CARTESIAN_POINT('',(89.6,64.2,4.));
#2480 = LINE('',#2481,#2482);
#2481 = CARTESIAN_POINT('',(92.,64.2,4.));
#2482 = VECTOR('',#2483,1.);
#2483 = DIRECTION('',(-1.,0.,0.));
#2484 = ORIENTED_EDGE('',*,*,#2485,.T.);
#2485 = EDGE_CURVE('',#2478,#2486,#2488,.T.);
#2486 = VERTEX_POINT('',#2487);
#2487 = CARTESIAN_POINT('',(89.6,67.,4.));
#2488 = LINE('',#2489,#2490);
#2489 = CARTESIAN_POINT('',(89.6,64.2,4.));
#2490 = VECTOR('',#2491,1.);
#2491 = DIRECTION('',(0.,1.,0.));
#2492 = ORIENTED_EDGE('',*,*,#2493,.T.);
#2493 = EDGE_CURVE('',#2486,#2494,#2496,.T.);
#2494 = VERTEX_POINT('',#2495);
#2495 = CARTESIAN_POINT('',(86.4,67.,4.));
#2496 = LINE('',#2497,#2498);
#2497 = CARTESIAN_POINT('',(89.6,67.,4.));
#2498 = VECTOR('',#2499,1.);
#2499 = DIRECTION('',(-1.,0.,0.));
#2500 = ORIENTED_EDGE('',*,*,#2501,.T.);
#2501 = EDGE_CURVE('',#2494,#2502,#2504,.T.);
#2502 = VERTEX_POINT('',#2503);
#2503 = CARTESIAN_POINT('',(86.4,64.2,4.));
#2504 = LINE('',#2505,#2506);
#2505 = CARTESIAN_POINT('',(86.4,67.,4.));
#2506 = VECTOR('',#2507,1.);
#2507 = DIRECTION('',(0.,-1.,0.));
#2508 = ORIENTED_EDGE('',*,*,#2509,.T.);
#2509 = EDGE_CURVE('',#2502,#2510,#2512,.T.);
#2510 = VERTEX_POINT('',#2511);
#2511 = CARTESIAN_POINT('',(84.,64.2,4.));
#2512 = LINE('',#2513,#2514);
#2513 = CARTESIAN_POINT('',(86.4,64.2,4.));
#2514 = VECTOR('',#2515,1.);
#2515 = DIRECTION('',(-1.,0.,0.));
#2516 = ORIENTED_EDGE('',*,*,#2517,.F.);
#2517 = EDGE_CURVE('',#935,#2510,#2518,.T.);
#2518 = LINE('',#2519,#2520);
#2519 = CARTESIAN_POINT('',(84.,80.,4.));
#2520 = VECTOR('',#2521,1.);
#2521 = DIRECTION('',(0.,-1.,0.));
#2522 = ORIENTED_EDGE('',*,*,#1081,.F.);
#2523 = ORIENTED_EDGE('',*,*,#2524,.T.);
#2524 = EDGE_CURVE('',#1074,#2525,#2527,.T.);
#2525 = VERTEX_POINT('',#2526);
#2526 = CARTESIAN_POINT('',(74.,50.,4.));
#2527 = LINE('',#2528,#2529);
#2528 = CARTESIAN_POINT('',(74.,80.,4.));
#2529 = VECTOR('',#2530,1.);
#2530 = DIRECTION('',(0.,-1.,0.));
#2531 = ORIENTED_EDGE('',*,*,#2532,.F.);
#2532 = EDGE_CURVE('',#2533,#2525,#2535,.T.);
#2533 = VERTEX_POINT('',#2534);
#2534 = CARTESIAN_POINT('',(70.,50.,4.));
#2535 = LINE('',#2536,#2537);
#2536 = CARTESIAN_POINT('',(70.,50.,4.));
#2537 = VECTOR('',#2538,1.);
#2538 = DIRECTION('',(1.,0.,0.));
#2539 = ORIENTED_EDGE('',*,*,#2540,.F.);
#2540 = EDGE_CURVE('',#1050,#2533,#2541,.T.);
#2541 = LINE('',#2542,#2543);
#2542 = CARTESIAN_POINT('',(70.,80.,4.));
#2543 = VECTOR('',#2544,1.);
#2544 = DIRECTION('',(0.,-1.,0.));
#2545 = ORIENTED_EDGE('',*,*,#1049,.F.);
#2546 = FACE_BOUND('',#2547,.T.);
#2547 = EDGE_LOOP('',(#2548,#2558,#2566,#2574));
#2548 = ORIENTED_EDGE('',*,*,#2549,.F.);
#2549 = EDGE_CURVE('',#2550,#2552,#2554,.T.);
#2550 = VERTEX_POINT('',#2551);
#2551 = CARTESIAN_POINT('',(11.,60.,4.));
#2552 = VERTEX_POINT('',#2553);
#2553 = CARTESIAN_POINT('',(7.,60.,4.));
#2554 = LINE('',#2555,#2556);
#2555 = CARTESIAN_POINT('',(11.,60.,4.));
#2556 = VECTOR('',#2557,1.);
#2557 = DIRECTION('',(-1.,0.,0.));
#2558 = ORIENTED_EDGE('',*,*,#2559,.T.);
#2559 = EDGE_CURVE('',#2550,#2560,#2562,.T.);
#2560 = VERTEX_POINT('',#2561);
#2561 = CARTESIAN_POINT('',(11.,20.,4.));
#2562 = LINE('',#2563,#2564);
#2563 = CARTESIAN_POINT('',(11.,60.,4.));
#2564 = VECTOR('',#2565,1.);
#2565 = DIRECTION('',(0.,-1.,0.));
#2566 = ORIENTED_EDGE('',*,*,#2567,.F.);
#2567 = EDGE_CURVE('',#2568,#2560,#2570,.T.);
#2568 = VERTEX_POINT('',#2569);
#2569 = CARTESIAN_POINT('',(7.,20.,4.));
#2570 = LINE('',#2571,#2572);
#2571 = CARTESIAN_POINT('',(7.,20.,4.));
#2572 = VECTOR('',#2573,1.);
#2573 = DIRECTION('',(1.,0.,0.));
#2574 = ORIENTED_EDGE('',*,*,#2575,.F.);
#2575 = EDGE_CURVE('',#2552,#2568,#2576,.T.);
#2576 = LINE('',#2577,#2578);
#2577 = CARTESIAN_POINT('',(7.,60.,4.));
#2578 = VECTOR('',#2579,1.);
#2579 = DIRECTION('',(0.,-1.,0.));
#2580 = FACE_BOUND('',#2581,.T.);
#2581 = EDGE_LOOP('',(#2582,#2592,#2600,#2608));
#2582 = ORIENTED_EDGE('',*,*,#2583,.F.);
#2583 = EDGE_CURVE('',#2584,#2586,#2588,.T.);
#2584 = VERTEX_POINT('',#2585);
#2585 = CARTESIAN_POINT('',(61.,60.,4.));
#2586 = VERTEX_POINT('',#2587);
#2587 = CARTESIAN_POINT('',(61.,20.,4.));
#2588 = LINE('',#2589,#2590);
#2589 = CARTESIAN_POINT('',(61.,60.,4.));
#2590 = VECTOR('',#2591,1.);
#2591 = DIRECTION('',(0.,-1.,0.));
#2592 = ORIENTED_EDGE('',*,*,#2593,.T.);
#2593 = EDGE_CURVE('',#2584,#2594,#2596,.T.);
#2594 = VERTEX_POINT('',#2595);
#2595 = CARTESIAN_POINT('',(65.,60.,4.));
#2596 = LINE('',#2597,#2598);
#2597 = CARTESIAN_POINT('',(61.,60.,4.));
#2598 = VECTOR('',#2599,1.);
#2599 = DIRECTION('',(1.,0.,0.));
#2600 = ORIENTED_EDGE('',*,*,#2601,.F.);
#2601 = EDGE_CURVE('',#2602,#2594,#2604,.T.);
#2602 = VERTEX_POINT('',#2603);
#2603 = CARTESIAN_POINT('',(65.,20.,4.));
#2604 = LINE('',#2605,#2606);
#2605 = CARTESIAN_POINT('',(65.,20.,4.));
#2606 = VECTOR('',#2607,1.);
#2607 = DIRECTION('',(0.,1.,0.));
#2608 = ORIENTED_EDGE('',*,*,#2609,.F.);
#2609 = EDGE_CURVE('',#2586,#2602,#2610,.T.);
#2610 = LINE('',#2611,#2612);
#2611 = CARTESIAN_POINT('',(61.,20.,4.));
#2612 = VECTOR('',#2613,1.);
#2613 = DIRECTION('',(1.,0.,0.));
#2614 = FACE_BOUND('',#2615,.T.);
#2615 = EDGE_LOOP('',(#2616,#2626,#2634,#2642));
#2616 = ORIENTED_EDGE('',*,*,#2617,.T.);
#2617 = EDGE_CURVE('',#2618,#2620,#2622,.T.);
#2618 = VERTEX_POINT('',#2619);
#2619 = CARTESIAN_POINT('',(112.2,49.9,4.));
#2620 = VERTEX_POINT('',#2621);
#2621 = CARTESIAN_POINT('',(112.2,30.1,4.));
#2622 = LINE('',#2623,#2624);
#2623 = CARTESIAN_POINT('',(112.2,49.9,4.));
#2624 = VECTOR('',#2625,1.);
#2625 = DIRECTION('',(0.,-1.,0.));
#2626 = ORIENTED_EDGE('',*,*,#2627,.T.);
#2627 = EDGE_CURVE('',#2620,#2628,#2630,.T.);
#2628 = VERTEX_POINT('',#2629);
#2629 = CARTESIAN_POINT('',(110.,30.1,4.));
#2630 = LINE('',#2631,#2632);
#2631 = CARTESIAN_POINT('',(96.,30.1,4.));
#2632 = VECTOR('',#2633,1.);
#2633 = DIRECTION('',(-1.,1.1E-16,0.));
#2634 = ORIENTED_EDGE('',*,*,#2635,.T.);
#2635 = EDGE_CURVE('',#2628,#2636,#2638,.T.);
#2636 = VERTEX_POINT('',#2637);
#2637 = CARTESIAN_POINT('',(110.,49.9,4.));
#2638 = LINE('',#2639,#2640);
#2639 = CARTESIAN_POINT('',(110.,40.,4.));
#2640 = VECTOR('',#2641,1.);
#2641 = DIRECTION('',(1.55E-15,1.,0.));
#2642 = ORIENTED_EDGE('',*,*,#2643,.F.);
#2643 = EDGE_CURVE('',#2618,#2636,#2644,.T.);
#2644 = LINE('',#2645,#2646);
#2645 = CARTESIAN_POINT('',(96.,49.9,4.));
#2646 = VECTOR('',#2647,1.);
#2647 = DIRECTION('',(-1.,1.1E-16,0.));
#2648 = PLANE('',#2649);
#2649 = AXIS2_PLACEMENT_3D('',#2650,#2651,#2652);
#2650 = CARTESIAN_POINT('',(73.644431279621,40.,4.));
#2651 = DIRECTION('',(0.,0.,1.));
#2652 = DIRECTION('',(1.,0.,0.));
#2653 = ADVANCED_FACE('',(#2654),#2659,.T.);
#2654 = FACE_BOUND('',#2655,.T.);
#2655 = EDGE_LOOP('',(#2656,#2657,#2658));
#2656 = ORIENTED_EDGE('',*,*,#1042,.F.);
#2657 = ORIENTED_EDGE('',*,*,#1710,.T.);
#2658 = ORIENTED_EDGE('',*,*,#870,.T.);
#2659 = PLANE('',#2660);
#2660 = AXIS2_PLACEMENT_3D('',#2661,#2662,#2663);
#2661 = CARTESIAN_POINT('',(64.,40.,74.));
#2662 = DIRECTION('',(0.,0.,1.));
#2663 = DIRECTION('',(1.,0.,0.));
#2664 = ADVANCED_FACE('',(#2665),#2671,.F.);
#2665 = FACE_BOUND('',#2666,.F.);
#2666 = EDGE_LOOP('',(#2667,#2668,#2669,#2670));
#2667 = ORIENTED_EDGE('',*,*,#854,.F.);
#2668 = ORIENTED_EDGE('',*,*,#919,.T.);
#2669 = ORIENTED_EDGE('',*,*,#1026,.T.);
#2670 = ORIENTED_EDGE('',*,*,#1718,.F.);
#2671 = PLANE('',#2672);
#2672 = AXIS2_PLACEMENT_3D('',#2673,#2674,#2675);
#2673 = CARTESIAN_POINT('',(64.,40.,76.));
#2674 = DIRECTION('',(0.,0.,1.));
#2675 = DIRECTION('',(1.,0.,0.));
#2676 = ADVANCED_FACE('',(#2677),#2683,.F.);
#2677 = FACE_BOUND('',#2678,.F.);
#2678 = EDGE_LOOP('',(#2679,#2680,#2681,#2682));
#2679 = ORIENTED_EDGE('',*,*,#1378,.T.);
#2680 = ORIENTED_EDGE('',*,*,#1596,.T.);
#2681 = ORIENTED_EDGE('',*,*,#790,.F.);
#2682 = ORIENTED_EDGE('',*,*,#1636,.F.);
#2683 = PLANE('',#2684);
#2684 = AXIS2_PLACEMENT_3D('',#2685,#2686,#2687);
#2685 = CARTESIAN_POINT('',(64.,40.,76.));
#2686 = DIRECTION('',(0.,0.,1.));
#2687 = DIRECTION('',(1.,0.,0.));
#2688 = ADVANCED_FACE('',(#2689),#2694,.T.);
#2689 = FACE_BOUND('',#2690,.T.);
#2690 = EDGE_LOOP('',(#2691,#2692,#2693));
#2691 = ORIENTED_EDGE('',*,*,#1644,.T.);
#2692 = ORIENTED_EDGE('',*,*,#1362,.F.);
#2693 = ORIENTED_EDGE('',*,*,#774,.T.);
#2694 = PLANE('',#2695);
#2695 = AXIS2_PLACEMENT_3D('',#2696,#2697,#2698);
#2696 = CARTESIAN_POINT('',(64.,40.,74.));
#2697 = DIRECTION('',(0.,0.,1.));
#2698 = DIRECTION('',(1.,0.,0.));
#2699 = ADVANCED_FACE('',(#2700),#2734,.F.);
#2700 = FACE_BOUND('',#2701,.F.);
#2701 = EDGE_LOOP('',(#2702,#2712,#2718,#2719,#2720,#2728));
#2702 = ORIENTED_EDGE('',*,*,#2703,.T.);
#2703 = EDGE_CURVE('',#2704,#2706,#2708,.T.);
#2704 = VERTEX_POINT('',#2705);
#2705 = CARTESIAN_POINT('',(84.,75.,82.));
#2706 = VERTEX_POINT('',#2707);
#2707 = CARTESIAN_POINT('',(84.,64.2,82.));
#2708 = LINE('',#2709,#2710);
#2709 = CARTESIAN_POINT('',(84.,80.,82.));
#2710 = VECTOR('',#2711,1.);
#2711 = DIRECTION('',(0.,-1.,0.));
#2712 = ORIENTED_EDGE('',*,*,#2713,.F.);
#2713 = EDGE_CURVE('',#2510,#2706,#2714,.T.);
#2714 = LINE('',#2715,#2716);
#2715 = CARTESIAN_POINT('',(84.,64.2,4.));
#2716 = VECTOR('',#2717,1.);
#2717 = DIRECTION('',(0.,0.,1.));
#2718 = ORIENTED_EDGE('',*,*,#2517,.F.);
#2719 = ORIENTED_EDGE('',*,*,#934,.T.);
#2720 = ORIENTED_EDGE('',*,*,#2721,.T.);
#2721 = EDGE_CURVE('',#937,#2722,#2724,.T.);
#2722 = VERTEX_POINT('',#2723);
#2723 = CARTESIAN_POINT('',(84.,75.,59.));
#2724 = LINE('',#2725,#2726);
#2725 = CARTESIAN_POINT('',(84.,80.,59.));
#2726 = VECTOR('',#2727,1.);
#2727 = DIRECTION('',(0.,-1.,2.2E-16));
#2728 = ORIENTED_EDGE('',*,*,#2729,.T.);
#2729 = EDGE_CURVE('',#2722,#2704,#2730,.T.);
#2730 = LINE('',#2731,#2732);
#2731 = CARTESIAN_POINT('',(84.,75.,60.));
#2732 = VECTOR('',#2733,1.);
#2733 = DIRECTION('',(0.,2.2E-16,1.));
#2734 = PLANE('',#2735);
#2735 = AXIS2_PLACEMENT_3D('',#2736,#2737,#2738);
#2736 = CARTESIAN_POINT('',(84.,80.,4.));
#2737 = DIRECTION('',(1.,0.,0.));
#2738 = DIRECTION('',(0.,-1.,0.));
#2739 = ADVANCED_FACE('',(#2740),#2758,.T.);
#2740 = FACE_BOUND('',#2741,.T.);
#2741 = EDGE_LOOP('',(#2742,#2743,#2751,#2757));
#2742 = ORIENTED_EDGE('',*,*,#1073,.T.);
#2743 = ORIENTED_EDGE('',*,*,#2744,.T.);
#2744 = EDGE_CURVE('',#1066,#2745,#2747,.T.);
#2745 = VERTEX_POINT('',#2746);
#2746 = CARTESIAN_POINT('',(74.,50.,82.));
#2747 = LINE('',#2748,#2749);
#2748 = CARTESIAN_POINT('',(74.,80.,82.));
#2749 = VECTOR('',#2750,1.);
#2750 = DIRECTION('',(0.,-1.,0.));
#2751 = ORIENTED_EDGE('',*,*,#2752,.F.);
#2752 = EDGE_CURVE('',#2525,#2745,#2753,.T.);
#2753 = LINE('',#2754,#2755);
#2754 = CARTESIAN_POINT('',(74.,50.,4.));
#2755 = VECTOR('',#2756,1.);
#2756 = DIRECTION('',(0.,0.,1.));
#2757 = ORIENTED_EDGE('',*,*,#2524,.F.);
#2758 = PLANE('',#2759);
#2759 = AXIS2_PLACEMENT_3D('',#2760,#2761,#2762);
#2760 = CARTESIAN_POINT('',(74.,80.,4.));
#2761 = DIRECTION('',(1.,0.,0.));
#2762 = DIRECTION('',(0.,-1.,0.));
#2763 = ADVANCED_FACE('',(#2764),#2782,.T.);
#2764 = FACE_BOUND('',#2765,.F.);
#2765 = EDGE_LOOP('',(#2766,#2774,#2775,#2776));
#2766 = ORIENTED_EDGE('',*,*,#2767,.F.);
#2767 = EDGE_CURVE('',#1058,#2768,#2770,.T.);
#2768 = VERTEX_POINT('',#2769);
#2769 = CARTESIAN_POINT('',(70.,50.,82.));
#2770 = LINE('',#2771,#2772);
#2771 = CARTESIAN_POINT('',(70.,80.,82.));
#2772 = VECTOR('',#2773,1.);
#2773 = DIRECTION('',(0.,-1.,0.));
#2774 = ORIENTED_EDGE('',*,*,#1065,.T.);
#2775 = ORIENTED_EDGE('',*,*,#2744,.T.);
#2776 = ORIENTED_EDGE('',*,*,#2777,.F.);
#2777 = EDGE_CURVE('',#2768,#2745,#2778,.T.);
#2778 = LINE('',#2779,#2780);
#2779 = CARTESIAN_POINT('',(70.,50.,82.));
#2780 = VECTOR('',#2781,1.);
#2781 = DIRECTION('',(1.,0.,0.));
#2782 = PLANE('',#2783);
#2783 = AXIS2_PLACEMENT_3D('',#2784,#2785,#2786);
#2784 = CARTESIAN_POINT('',(72.,40.,82.));
#2785 = DIRECTION('',(0.,0.,1.));
#2786 = DIRECTION('',(1.,0.,0.));
#2787 = ADVANCED_FACE('',(#2788),#2799,.F.);
#2788 = FACE_BOUND('',#2789,.F.);
#2789 = EDGE_LOOP('',(#2790,#2791,#2792,#2798));
#2790 = ORIENTED_EDGE('',*,*,#1057,.T.);
#2791 = ORIENTED_EDGE('',*,*,#2767,.T.);
#2792 = ORIENTED_EDGE('',*,*,#2793,.F.);
#2793 = EDGE_CURVE('',#2533,#2768,#2794,.T.);
#2794 = LINE('',#2795,#2796);
#2795 = CARTESIAN_POINT('',(70.,50.,4.));
#2796 = VECTOR('',#2797,1.);
#2797 = DIRECTION('',(0.,0.,1.));
#2798 = ORIENTED_EDGE('',*,*,#2540,.F.);
#2799 = PLANE('',#2800);
#2800 = AXIS2_PLACEMENT_3D('',#2801,#2802,#2803);
#2801 = CARTESIAN_POINT('',(70.,80.,4.));
#2802 = DIRECTION('',(1.,0.,0.));
#2803 = DIRECTION('',(0.,-1.,0.));
#2804 = ADVANCED_FACE('',(#2805),#2811,.F.);
#2805 = FACE_BOUND('',#2806,.F.);
#2806 = EDGE_LOOP('',(#2807,#2808,#2809,#2810));
#2807 = ORIENTED_EDGE('',*,*,#1010,.T.);
#2808 = ORIENTED_EDGE('',*,*,#1095,.T.);
#2809 = ORIENTED_EDGE('',*,*,#1235,.T.);
#2810 = ORIENTED_EDGE('',*,*,#1751,.F.);
#2811 = PLANE('',#2812);
#2812 = AXIS2_PLACEMENT_3D('',#2813,#2814,#2815);
#2813 = CARTESIAN_POINT('',(64.,40.,76.));
#2814 = DIRECTION('',(0.,0.,1.));
#2815 = DIRECTION('',(1.,0.,0.));
#2816 = ADVANCED_FACE('',(#2817),#2823,.T.);
#2817 = FACE_BOUND('',#2818,.T.);
#2818 = EDGE_LOOP('',(#2819,#2820,#2821,#2822));
#2819 = ORIENTED_EDGE('',*,*,#1759,.T.);
#2820 = ORIENTED_EDGE('',*,*,#1743,.T.);
#2821 = ORIENTED_EDGE('',*,*,#994,.F.);
#2822 = ORIENTED_EDGE('',*,*,#1251,.F.);
#2823 = PLANE('',#2824);
#2824 = AXIS2_PLACEMENT_3D('',#2825,#2826,#2827);
#2825 = CARTESIAN_POINT('',(64.,40.,74.));
#2826 = DIRECTION('',(0.,0.,1.));
#2827 = DIRECTION('',(1.,0.,0.));
#2828 = ADVANCED_FACE('',(#2829),#2863,.T.);
#2829 = FACE_BOUND('',#2830,.T.);
#2830 = EDGE_LOOP('',(#2831,#2841,#2847,#2848,#2849,#2857));
#2831 = ORIENTED_EDGE('',*,*,#2832,.T.);
#2832 = EDGE_CURVE('',#2833,#2835,#2837,.T.);
#2833 = VERTEX_POINT('',#2834);
#2834 = CARTESIAN_POINT('',(92.,75.,82.));
#2835 = VERTEX_POINT('',#2836);
#2836 = CARTESIAN_POINT('',(92.,64.2,82.));
#2837 = LINE('',#2838,#2839);
#2838 = CARTESIAN_POINT('',(92.,80.,82.));
#2839 = VECTOR('',#2840,1.);
#2840 = DIRECTION('',(0.,-1.,0.));
#2841 = ORIENTED_EDGE('',*,*,#2842,.F.);
#2842 = EDGE_CURVE('',#2470,#2835,#2843,.T.);
#2843 = LINE('',#2844,#2845);
#2844 = CARTESIAN_POINT('',(92.,64.2,4.));
#2845 = VECTOR('',#2846,1.);
#2846 = DIRECTION('',(0.,0.,1.));
#2847 = ORIENTED_EDGE('',*,*,#2469,.F.);
#2848 = ORIENTED_EDGE('',*,*,#970,.T.);
#2849 = ORIENTED_EDGE('',*,*,#2850,.T.);
#2850 = EDGE_CURVE('',#962,#2851,#2853,.T.);
#2851 = VERTEX_POINT('',#2852);
#2852 = CARTESIAN_POINT('',(92.,75.,59.));
#2853 = LINE('',#2854,#2855);
#2854 = CARTESIAN_POINT('',(92.,80.,59.));
#2855 = VECTOR('',#2856,1.);
#2856 = DIRECTION('',(0.,-1.,2.2E-16));
#2857 = ORIENTED_EDGE('',*,*,#2858,.F.);
#2858 = EDGE_CURVE('',#2833,#2851,#2859,.T.);
#2859 = LINE('',#2860,#2861);
#2860 = CARTESIAN_POINT('',(92.,75.,82.));
#2861 = VECTOR('',#2862,1.);
#2862 = DIRECTION('',(0.,-2.2E-16,-1.));
#2863 = PLANE('',#2864);
#2864 = AXIS2_PLACEMENT_3D('',#2865,#2866,#2867);
#2865 = CARTESIAN_POINT('',(92.,80.,4.));
#2866 = DIRECTION('',(1.,0.,0.));
#2867 = DIRECTION('',(0.,-1.,0.));
#2868 = ADVANCED_FACE('',(#2869),#2888,.T.);
#2869 = FACE_BOUND('',#2870,.T.);
#2870 = EDGE_LOOP('',(#2871,#2872,#2880,#2887));
#2871 = ORIENTED_EDGE('',*,*,#961,.T.);
#2872 = ORIENTED_EDGE('',*,*,#2873,.T.);
#2873 = EDGE_CURVE('',#954,#2874,#2876,.T.);
#2874 = VERTEX_POINT('',#2875);
#2875 = CARTESIAN_POINT('',(91.,76.,60.));
#2876 = LINE('',#2877,#2878);
#2877 = CARTESIAN_POINT('',(91.,80.,60.));
#2878 = VECTOR('',#2879,1.);
#2879 = DIRECTION('',(0.,-1.,2.2E-16));
#2880 = ORIENTED_EDGE('',*,*,#2881,.F.);
#2881 = EDGE_CURVE('',#2851,#2874,#2882,.T.);
#2882 = ELLIPSE('',#2883,1.414213562373,1.);
#2883 = AXIS2_PLACEMENT_3D('',#2884,#2885,#2886);
#2884 = CARTESIAN_POINT('',(91.,75.,59.));
#2885 = DIRECTION('',(0.,-0.707106781187,0.707106781187));
#2886 = DIRECTION('',(0.,-0.707106781187,-0.707106781187));
#2887 = ORIENTED_EDGE('',*,*,#2850,.F.);
#2888 = CYLINDRICAL_SURFACE('',#2889,1.);
#2889 = AXIS2_PLACEMENT_3D('',#2890,#2891,#2892);
#2890 = CARTESIAN_POINT('',(91.,80.,59.));
#2891 = DIRECTION('',(0.,-1.,2.2E-16));
#2892 = DIRECTION('',(1.,0.,0.));
#2893 = ADVANCED_FACE('',(#2894),#2912,.F.);
#2894 = FACE_BOUND('',#2895,.F.);
#2895 = EDGE_LOOP('',(#2896,#2897,#2898,#2906));
#2896 = ORIENTED_EDGE('',*,*,#953,.F.);
#2897 = ORIENTED_EDGE('',*,*,#2873,.T.);
#2898 = ORIENTED_EDGE('',*,*,#2899,.T.);
#2899 = EDGE_CURVE('',#2874,#2900,#2902,.T.);
#2900 = VERTEX_POINT('',#2901);
#2901 = CARTESIAN_POINT('',(85.,76.,60.));
#2902 = LINE('',#2903,#2904);
#2903 = CARTESIAN_POINT('',(92.,76.,60.));
#2904 = VECTOR('',#2905,1.);
#2905 = DIRECTION('',(-1.,0.,0.));
#2906 = ORIENTED_EDGE('',*,*,#2907,.F.);
#2907 = EDGE_CURVE('',#945,#2900,#2908,.T.);
#2908 = LINE('',#2909,#2910);
#2909 = CARTESIAN_POINT('',(85.,80.,60.));
#2910 = VECTOR('',#2911,1.);
#2911 = DIRECTION('',(0.,-1.,2.2E-16));
#2912 = PLANE('',#2913);
#2913 = AXIS2_PLACEMENT_3D('',#2914,#2915,#2916);
#2914 = CARTESIAN_POINT('',(92.,80.,60.));
#2915 = DIRECTION('',(-0.,-2.2E-16,-1.));
#2916 = DIRECTION('',(-1.,0.,0.));
#2917 = ADVANCED_FACE('',(#2918),#2930,.T.);
#2918 = FACE_BOUND('',#2919,.F.);
#2919 = EDGE_LOOP('',(#2920,#2921,#2922,#2929));
#2920 = ORIENTED_EDGE('',*,*,#944,.T.);
#2921 = ORIENTED_EDGE('',*,*,#2907,.T.);
#2922 = ORIENTED_EDGE('',*,*,#2923,.F.);
#2923 = EDGE_CURVE('',#2722,#2900,#2924,.T.);
#2924 = ELLIPSE('',#2925,1.414213562373,1.);
#2925 = AXIS2_PLACEMENT_3D('',#2926,#2927,#2928);
#2926 = CARTESIAN_POINT('',(85.,75.,59.));
#2927 = DIRECTION('',(0.,0.707106781187,-0.707106781187));
#2928 = DIRECTION('',(0.,0.707106781187,0.707106781187));
#2929 = ORIENTED_EDGE('',*,*,#2721,.F.);
#2930 = CYLINDRICAL_SURFACE('',#2931,1.);
#2931 = AXIS2_PLACEMENT_3D('',#2932,#2933,#2934);
#2932 = CARTESIAN_POINT('',(85.,80.,59.));
#2933 = DIRECTION('',(0.,-1.,2.2E-16));
#2934 = DIRECTION('',(-1.,0.,0.));
#2935 = ADVANCED_FACE('',(#2936),#2942,.F.);
#2936 = FACE_BOUND('',#2937,.F.);
#2937 = EDGE_LOOP('',(#2938,#2939,#2940,#2941));
#2938 = ORIENTED_EDGE('',*,*,#1219,.T.);
#2939 = ORIENTED_EDGE('',*,*,#1266,.T.);
#2940 = ORIENTED_EDGE('',*,*,#1394,.T.);
#2941 = ORIENTED_EDGE('',*,*,#1678,.F.);
#2942 = PLANE('',#2943);
#2943 = AXIS2_PLACEMENT_3D('',#2944,#2945,#2946);
#2944 = CARTESIAN_POINT('',(64.,40.,76.));
#2945 = DIRECTION('',(0.,0.,1.));
#2946 = DIRECTION('',(1.,0.,0.));
#2947 = ADVANCED_FACE('',(#2948),#2954,.T.);
#2948 = FACE_BOUND('',#2949,.T.);
#2949 = EDGE_LOOP('',(#2950,#2951,#2952,#2953));
#2950 = ORIENTED_EDGE('',*,*,#1686,.T.);
#2951 = ORIENTED_EDGE('',*,*,#1670,.T.);
#2952 = ORIENTED_EDGE('',*,*,#1203,.F.);
#2953 = ORIENTED_EDGE('',*,*,#1410,.F.);
#2954 = PLANE('',#2955);
#2955 = AXIS2_PLACEMENT_3D('',#2956,#2957,#2958);
#2956 = CARTESIAN_POINT('',(64.,40.,74.));
#2957 = DIRECTION('',(0.,0.,1.));
#2958 = DIRECTION('',(1.,0.,0.));
#2959 = ADVANCED_FACE('',(#2960),#2978,.F.);
#2960 = FACE_BOUND('',#2961,.F.);
#2961 = EDGE_LOOP('',(#2962,#2963,#2964,#2972));
#2962 = ORIENTED_EDGE('',*,*,#1179,.F.);
#2963 = ORIENTED_EDGE('',*,*,#2413,.T.);
#2964 = ORIENTED_EDGE('',*,*,#2965,.F.);
#2965 = EDGE_CURVE('',#2966,#2414,#2968,.T.);
#2966 = VERTEX_POINT('',#2967);
#2967 = CARTESIAN_POINT('',(113.8,30.1,11.));
#2968 = LINE('',#2969,#2970);
#2969 = CARTESIAN_POINT('',(113.8,30.1,11.));
#2970 = VECTOR('',#2971,1.);
#2971 = DIRECTION('',(-0.,-0.,-1.));
#2972 = ORIENTED_EDGE('',*,*,#2973,.F.);
#2973 = EDGE_CURVE('',#1172,#2966,#2974,.T.);
#2974 = LINE('',#2975,#2976);
#2975 = CARTESIAN_POINT('',(128.,30.1,11.));
#2976 = VECTOR('',#2977,1.);
#2977 = DIRECTION('',(-1.,1.1E-16,-1.1E-16));
#2978 = PLANE('',#2979);
#2979 = AXIS2_PLACEMENT_3D('',#2980,#2981,#2982);
#2980 = CARTESIAN_POINT('',(128.,30.1,6.28E-15));
#2981 = DIRECTION('',(1.1E-16,1.,2.2E-16));
#2982 = DIRECTION('',(-2.2E-16,-2.2E-16,1.));
#2983 = ADVANCED_FACE('',(#2984),#3010,.F.);
#2984 = FACE_BOUND('',#2985,.F.);
#2985 = EDGE_LOOP('',(#2986,#2987,#2988,#2996,#3004));
#2986 = ORIENTED_EDGE('',*,*,#1171,.F.);
#2987 = ORIENTED_EDGE('',*,*,#2973,.T.);
#2988 = ORIENTED_EDGE('',*,*,#2989,.F.);
#2989 = EDGE_CURVE('',#2990,#2966,#2992,.T.);
#2990 = VERTEX_POINT('',#2991);
#2991 = CARTESIAN_POINT('',(113.8,32.1,11.));
#2992 = LINE('',#2993,#2994);
#2993 = CARTESIAN_POINT('',(113.8,32.1,11.));
#2994 = VECTOR('',#2995,1.);
#2995 = DIRECTION('',(0.,-1.,0.));
#2996 = ORIENTED_EDGE('',*,*,#2997,.F.);
#2997 = EDGE_CURVE('',#2998,#2990,#3000,.T.);
#2998 = VERTEX_POINT('',#2999);
#2999 = CARTESIAN_POINT('',(128.,32.1,11.));
#3000 = LINE('',#3001,#3002);
#3001 = CARTESIAN_POINT('',(128.,32.1,11.));
#3002 = VECTOR('',#3003,1.);
#3003 = DIRECTION('',(-1.,1.1E-16,-1.1E-16));
#3004 = ORIENTED_EDGE('',*,*,#3005,.F.);
#3005 = EDGE_CURVE('',#1163,#2998,#3006,.T.);
#3006 = LINE('',#3007,#3008);
#3007 = CARTESIAN_POINT('',(128.,30.1,11.));
#3008 = VECTOR('',#3009,1.);
#3009 = DIRECTION('',(0.,1.,0.));
#3010 = PLANE('',#3011);
#3011 = AXIS2_PLACEMENT_3D('',#3012,#3013,#3014);
#3012 = CARTESIAN_POINT('',(128.,30.1,11.));
#3013 = DIRECTION('',(1.1E-16,2.2E-16,-1.));
#3014 = DIRECTION('',(4.4E-16,1.,2.2E-16));
#3015 = ADVANCED_FACE('',(#3016),#3049,.T.);
#3016 = FACE_BOUND('',#3017,.T.);
#3017 = EDGE_LOOP('',(#3018,#3019,#3027,#3035,#3043));
#3018 = ORIENTED_EDGE('',*,*,#1137,.F.);
#3019 = ORIENTED_EDGE('',*,*,#3020,.T.);
#3020 = EDGE_CURVE('',#1130,#3021,#3023,.T.);
#3021 = VERTEX_POINT('',#3022);
#3022 = CARTESIAN_POINT('',(113.8,49.9,11.));
#3023 = LINE('',#3024,#3025);
#3024 = CARTESIAN_POINT('',(128.,49.9,11.));
#3025 = VECTOR('',#3026,1.);
#3026 = DIRECTION('',(-1.,1.1E-16,-1.1E-16));
#3027 = ORIENTED_EDGE('',*,*,#3028,.T.);
#3028 = EDGE_CURVE('',#3021,#3029,#3031,.T.);
#3029 = VERTEX_POINT('',#3030);
#3030 = CARTESIAN_POINT('',(113.8,47.9,11.));
#3031 = LINE('',#3032,#3033);
#3032 = CARTESIAN_POINT('',(113.8,49.9,11.));
#3033 = VECTOR('',#3034,1.);
#3034 = DIRECTION('',(0.,-1.,0.));
#3035 = ORIENTED_EDGE('',*,*,#3036,.F.);
#3036 = EDGE_CURVE('',#3037,#3029,#3039,.T.);
#3037 = VERTEX_POINT('',#3038);
#3038 = CARTESIAN_POINT('',(128.,47.9,11.));
#3039 = LINE('',#3040,#3041);
#3040 = CARTESIAN_POINT('',(128.,47.9,11.));
#3041 = VECTOR('',#3042,1.);
#3042 = DIRECTION('',(-1.,1.1E-16,-1.1E-16));
#3043 = ORIENTED_EDGE('',*,*,#3044,.F.);
#3044 = EDGE_CURVE('',#1138,#3037,#3045,.T.);
#3045 = LINE('',#3046,#3047);
#3046 = CARTESIAN_POINT('',(128.,49.9,11.));
#3047 = VECTOR('',#3048,1.);
#3048 = DIRECTION('',(0.,-1.,0.));
#3049 = PLANE('',#3050);
#3050 = AXIS2_PLACEMENT_3D('',#3051,#3052,#3053);
#3051 = CARTESIAN_POINT('',(128.,49.9,11.));
#3052 = DIRECTION('',(-1.1E-16,-2.2E-16,1.));
#3053 = DIRECTION('',(-4.4E-16,-1.,-2.2E-16));
#3054 = ADVANCED_FACE('',(#3055),#3066,.T.);
#3055 = FACE_BOUND('',#3056,.T.);
#3056 = EDGE_LOOP('',(#3057,#3058,#3059,#3065));
#3057 = ORIENTED_EDGE('',*,*,#1129,.F.);
#3058 = ORIENTED_EDGE('',*,*,#2461,.T.);
#3059 = ORIENTED_EDGE('',*,*,#3060,.F.);
#3060 = EDGE_CURVE('',#3021,#2454,#3061,.T.);
#3061 = LINE('',#3062,#3063);
#3062 = CARTESIAN_POINT('',(113.8,49.9,11.));
#3063 = VECTOR('',#3064,1.);
#3064 = DIRECTION('',(-0.,-0.,-1.));
#3065 = ORIENTED_EDGE('',*,*,#3020,.F.);
#3066 = PLANE('',#3067);
#3067 = AXIS2_PLACEMENT_3D('',#3068,#3069,#3070);
#3068 = CARTESIAN_POINT('',(128.,49.9,1.068E-14));
#3069 = DIRECTION('',(1.1E-16,1.,2.2E-16));
#3070 = DIRECTION('',(-2.2E-16,-2.2E-16,1.));
#3071 = ADVANCED_FACE('',(#3072),#3090,.F.);
#3072 = FACE_BOUND('',#3073,.F.);
#3073 = EDGE_LOOP('',(#3074,#3075,#3083,#3089));
#3074 = ORIENTED_EDGE('',*,*,#1299,.T.);
#3075 = ORIENTED_EDGE('',*,*,#3076,.T.);
#3076 = EDGE_CURVE('',#1300,#3077,#3079,.T.);
#3077 = VERTEX_POINT('',#3078);
#3078 = CARTESIAN_POINT('',(92.,15.8,82.));
#3079 = LINE('',#3080,#3081);
#3080 = CARTESIAN_POINT('',(92.,0.,82.));
#3081 = VECTOR('',#3082,1.);
#3082 = DIRECTION('',(0.,1.,0.));
#3083 = ORIENTED_EDGE('',*,*,#3084,.F.);
#3084 = EDGE_CURVE('',#2398,#3077,#3085,.T.);
#3085 = LINE('',#3086,#3087);
#3086 = CARTESIAN_POINT('',(92.,15.8,4.));
#3087 = VECTOR('',#3088,1.);
#3088 = DIRECTION('',(0.,0.,1.));
#3089 = ORIENTED_EDGE('',*,*,#2405,.F.);
#3090 = PLANE('',#3091);
#3091 = AXIS2_PLACEMENT_3D('',#3092,#3093,#3094);
#3092 = CARTESIAN_POINT('',(92.,0.,4.));
#3093 = DIRECTION('',(-1.,0.,0.));
#3094 = DIRECTION('',(0.,1.,0.));
#3095 = ADVANCED_FACE('',(#3096),#3146,.T.);
#3096 = FACE_BOUND('',#3097,.T.);
#3097 = EDGE_LOOP('',(#3098,#3099,#3100,#3108,#3116,#3124,#3132,#3140));
#3098 = ORIENTED_EDGE('',*,*,#1307,.T.);
#3099 = ORIENTED_EDGE('',*,*,#3076,.T.);
#3100 = ORIENTED_EDGE('',*,*,#3101,.F.);
#3101 = EDGE_CURVE('',#3102,#3077,#3104,.T.);
#3102 = VERTEX_POINT('',#3103);
#3103 = CARTESIAN_POINT('',(89.6,15.8,82.));
#3104 = LINE('',#3105,#3106);
#3105 = CARTESIAN_POINT('',(89.6,15.8,82.));
#3106 = VECTOR('',#3107,1.);
#3107 = DIRECTION('',(1.,0.,0.));
#3108 = ORIENTED_EDGE('',*,*,#3109,.F.);
#3109 = EDGE_CURVE('',#3110,#3102,#3112,.T.);
#3110 = VERTEX_POINT('',#3111);
#3111 = CARTESIAN_POINT('',(89.6,13.,82.));
#3112 = LINE('',#3113,#3114);
#3113 = CARTESIAN_POINT('',(89.6,13.,82.));
#3114 = VECTOR('',#3115,1.);
#3115 = DIRECTION('',(0.,1.,0.));
#3116 = ORIENTED_EDGE('',*,*,#3117,.F.);
#3117 = EDGE_CURVE('',#3118,#3110,#3120,.T.);
#3118 = VERTEX_POINT('',#3119);
#3119 = CARTESIAN_POINT('',(86.4,13.,82.));
#3120 = LINE('',#3121,#3122);
#3121 = CARTESIAN_POINT('',(86.4,13.,82.));
#3122 = VECTOR('',#3123,1.);
#3123 = DIRECTION('',(1.,0.,0.));
#3124 = ORIENTED_EDGE('',*,*,#3125,.F.);
#3125 = EDGE_CURVE('',#3126,#3118,#3128,.T.);
#3126 = VERTEX_POINT('',#3127);
#3127 = CARTESIAN_POINT('',(86.4,15.8,82.));
#3128 = LINE('',#3129,#3130);
#3129 = CARTESIAN_POINT('',(86.4,15.8,82.));
#3130 = VECTOR('',#3131,1.);
#3131 = DIRECTION('',(0.,-1.,0.));
#3132 = ORIENTED_EDGE('',*,*,#3133,.F.);
#3133 = EDGE_CURVE('',#3134,#3126,#3136,.T.);
#3134 = VERTEX_POINT('',#3135);
#3135 = CARTESIAN_POINT('',(84.,15.8,82.));
#3136 = LINE('',#3137,#3138);
#3137 = CARTESIAN_POINT('',(84.,15.8,82.));
#3138 = VECTOR('',#3139,1.);
#3139 = DIRECTION('',(1.,0.,0.));
#3140 = ORIENTED_EDGE('',*,*,#3141,.F.);
#3141 = EDGE_CURVE('',#1308,#3134,#3142,.T.);
#3142 = LINE('',#3143,#3144);
#3143 = CARTESIAN_POINT('',(84.,0.,82.));
#3144 = VECTOR('',#3145,1.);
#3145 = DIRECTION('',(0.,1.,0.));
#3146 = PLANE('',#3147);
#3147 = AXIS2_PLACEMENT_3D('',#3148,#3149,#3150);
#3148 = CARTESIAN_POINT('',(88.,40.,82.));
#3149 = DIRECTION('',(0.,0.,1.));
#3150 = DIRECTION('',(1.,0.,0.));
#3151 = ADVANCED_FACE('',(#3152),#3163,.T.);
#3152 = FACE_BOUND('',#3153,.T.);
#3153 = EDGE_LOOP('',(#3154,#3155,#3156,#3162));
#3154 = ORIENTED_EDGE('',*,*,#1315,.T.);
#3155 = ORIENTED_EDGE('',*,*,#3141,.T.);
#3156 = ORIENTED_EDGE('',*,*,#3157,.F.);
#3157 = EDGE_CURVE('',#2358,#3134,#3158,.T.);
#3158 = LINE('',#3159,#3160);
#3159 = CARTESIAN_POINT('',(84.,15.8,4.));
#3160 = VECTOR('',#3161,1.);
#3161 = DIRECTION('',(0.,0.,1.));
#3162 = ORIENTED_EDGE('',*,*,#2357,.F.);
#3163 = PLANE('',#3164);
#3164 = AXIS2_PLACEMENT_3D('',#3165,#3166,#3167);
#3165 = CARTESIAN_POINT('',(84.,0.,4.));
#3166 = DIRECTION('',(-1.,0.,0.));
#3167 = DIRECTION('',(0.,1.,0.));
#3168 = ADVANCED_FACE('',(#3169),#3187,.F.);
#3169 = FACE_BOUND('',#3170,.F.);
#3170 = EDGE_LOOP('',(#3171,#3172,#3180,#3186));
#3171 = ORIENTED_EDGE('',*,*,#1331,.T.);
#3172 = ORIENTED_EDGE('',*,*,#3173,.T.);
#3173 = EDGE_CURVE('',#1332,#3174,#3176,.T.);
#3174 = VERTEX_POINT('',#3175);
#3175 = CARTESIAN_POINT('',(74.,30.,82.));
#3176 = LINE('',#3177,#3178);
#3177 = CARTESIAN_POINT('',(74.,0.,82.));
#3178 = VECTOR('',#3179,1.);
#3179 = DIRECTION('',(0.,1.,0.));
#3180 = ORIENTED_EDGE('',*,*,#3181,.F.);
#3181 = EDGE_CURVE('',#2343,#3174,#3182,.T.);
#3182 = LINE('',#3183,#3184);
#3183 = CARTESIAN_POINT('',(74.,30.,4.));
#3184 = VECTOR('',#3185,1.);
#3185 = DIRECTION('',(0.,0.,1.));
#3186 = ORIENTED_EDGE('',*,*,#2350,.F.);
#3187 = PLANE('',#3188);
#3188 = AXIS2_PLACEMENT_3D('',#3189,#3190,#3191);
#3189 = CARTESIAN_POINT('',(74.,0.,4.));
#3190 = DIRECTION('',(-1.,0.,0.));
#3191 = DIRECTION('',(0.,1.,0.));
#3192 = ADVANCED_FACE('',(#3193),#3211,.T.);
#3193 = FACE_BOUND('',#3194,.T.);
#3194 = EDGE_LOOP('',(#3195,#3196,#3197,#3205));
#3195 = ORIENTED_EDGE('',*,*,#1339,.T.);
#3196 = ORIENTED_EDGE('',*,*,#3173,.T.);
#3197 = ORIENTED_EDGE('',*,*,#3198,.T.);
#3198 = EDGE_CURVE('',#3174,#3199,#3201,.T.);
#3199 = VERTEX_POINT('',#3200);
#3200 = CARTESIAN_POINT('',(70.,30.,82.));
#3201 = LINE('',#3202,#3203);
#3202 = CARTESIAN_POINT('',(74.,30.,82.));
#3203 = VECTOR('',#3204,1.);
#3204 = DIRECTION('',(-1.,0.,0.));
#3205 = ORIENTED_EDGE('',*,*,#3206,.F.);
#3206 = EDGE_CURVE('',#1340,#3199,#3207,.T.);
#3207 = LINE('',#3208,#3209);
#3208 = CARTESIAN_POINT('',(70.,0.,82.));
#3209 = VECTOR('',#3210,1.);
#3210 = DIRECTION('',(0.,1.,0.));
#3211 = PLANE('',#3212);
#3212 = AXIS2_PLACEMENT_3D('',#3213,#3214,#3215);
#3213 = CARTESIAN_POINT('',(72.,40.,82.));
#3214 = DIRECTION('',(0.,0.,1.));
#3215 = DIRECTION('',(1.,0.,0.));
#3216 = ADVANCED_FACE('',(#3217),#3228,.T.);
#3217 = FACE_BOUND('',#3218,.T.);
#3218 = EDGE_LOOP('',(#3219,#3220,#3221,#3227));
#3219 = ORIENTED_EDGE('',*,*,#1347,.T.);
#3220 = ORIENTED_EDGE('',*,*,#3206,.T.);
#3221 = ORIENTED_EDGE('',*,*,#3222,.F.);
#3222 = EDGE_CURVE('',#2335,#3199,#3223,.T.);
#3223 = LINE('',#3224,#3225);
#3224 = CARTESIAN_POINT('',(70.,30.,4.));
#3225 = VECTOR('',#3226,1.);
#3226 = DIRECTION('',(0.,0.,1.));
#3227 = ORIENTED_EDGE('',*,*,#2334,.F.);
#3228 = PLANE('',#3229);
#3229 = AXIS2_PLACEMENT_3D('',#3230,#3231,#3232);
#3230 = CARTESIAN_POINT('',(70.,0.,4.));
#3231 = DIRECTION('',(-1.,0.,0.));
#3232 = DIRECTION('',(0.,1.,0.));
#3233 = ADVANCED_FACE('',(#3234),#3256,.T.);
#3234 = FACE_BOUND('',#3235,.T.);
#3235 = EDGE_LOOP('',(#3236,#3237,#3238,#3239,#3240,#3241,#3242,#3248,
    #3249,#3255));
#3236 = ORIENTED_EDGE('',*,*,#1783,.F.);
#3237 = ORIENTED_EDGE('',*,*,#1929,.T.);
#3238 = ORIENTED_EDGE('',*,*,#1905,.F.);
#3239 = ORIENTED_EDGE('',*,*,#1887,.T.);
#3240 = ORIENTED_EDGE('',*,*,#1856,.F.);
#3241 = ORIENTED_EDGE('',*,*,#3044,.T.);
#3242 = ORIENTED_EDGE('',*,*,#3243,.T.);
#3243 = EDGE_CURVE('',#3037,#2438,#3244,.T.);
#3244 = LINE('',#3245,#3246);
#3245 = CARTESIAN_POINT('',(128.,47.9,11.));
#3246 = VECTOR('',#3247,1.);
#3247 = DIRECTION('',(0.,0.,-1.));
#3248 = ORIENTED_EDGE('',*,*,#2437,.T.);
#3249 = ORIENTED_EDGE('',*,*,#3250,.T.);
#3250 = EDGE_CURVE('',#2430,#2998,#3251,.T.);
#3251 = LINE('',#3252,#3253);
#3252 = CARTESIAN_POINT('',(128.,32.1,4.));
#3253 = VECTOR('',#3254,1.);
#3254 = DIRECTION('',(0.,0.,1.));
#3255 = ORIENTED_EDGE('',*,*,#3005,.F.);
#3256 = PLANE('',#3257);
#3257 = AXIS2_PLACEMENT_3D('',#3258,#3259,#3260);
#3258 = CARTESIAN_POINT('',(128.,40.,7.5));
#3259 = DIRECTION('',(1.,0.,0.));
#3260 = DIRECTION('',(0.,0.,1.));
#3261 = ADVANCED_FACE('',(#3262),#3268,.F.);
#3262 = FACE_BOUND('',#3263,.F.);
#3263 = EDGE_LOOP('',(#3264,#3265,#3266,#3267));
#3264 = ORIENTED_EDGE('',*,*,#3181,.T.);
#3265 = ORIENTED_EDGE('',*,*,#3198,.T.);
#3266 = ORIENTED_EDGE('',*,*,#3222,.F.);
#3267 = ORIENTED_EDGE('',*,*,#2342,.F.);
#3268 = PLANE('',#3269);
#3269 = AXIS2_PLACEMENT_3D('',#3270,#3271,#3272);
#3270 = CARTESIAN_POINT('',(74.,30.,4.));
#3271 = DIRECTION('',(0.,-1.,0.));
#3272 = DIRECTION('',(-1.,0.,0.));
#3273 = ADVANCED_FACE('',(#3274),#3280,.F.);
#3274 = FACE_BOUND('',#3275,.F.);
#3275 = EDGE_LOOP('',(#3276,#3277,#3278,#3279));
#3276 = ORIENTED_EDGE('',*,*,#2793,.T.);
#3277 = ORIENTED_EDGE('',*,*,#2777,.T.);
#3278 = ORIENTED_EDGE('',*,*,#2752,.F.);
#3279 = ORIENTED_EDGE('',*,*,#2532,.F.);
#3280 = PLANE('',#3281);
#3281 = AXIS2_PLACEMENT_3D('',#3282,#3283,#3284);
#3282 = CARTESIAN_POINT('',(70.,50.,4.));
#3283 = DIRECTION('',(0.,1.,0.));
#3284 = DIRECTION('',(1.,0.,0.));
#3285 = ADVANCED_FACE('',(#3286),#3297,.T.);
#3286 = FACE_BOUND('',#3287,.T.);
#3287 = EDGE_LOOP('',(#3288,#3289,#3290,#3296));
#3288 = ORIENTED_EDGE('',*,*,#3157,.T.);
#3289 = ORIENTED_EDGE('',*,*,#3133,.T.);
#3290 = ORIENTED_EDGE('',*,*,#3291,.F.);
#3291 = EDGE_CURVE('',#2366,#3126,#3292,.T.);
#3292 = LINE('',#3293,#3294);
#3293 = CARTESIAN_POINT('',(86.4,15.8,4.));
#3294 = VECTOR('',#3295,1.);
#3295 = DIRECTION('',(0.,0.,1.));
#3296 = ORIENTED_EDGE('',*,*,#2365,.F.);
#3297 = PLANE('',#3298);
#3298 = AXIS2_PLACEMENT_3D('',#3299,#3300,#3301);
#3299 = CARTESIAN_POINT('',(84.,15.8,4.));
#3300 = DIRECTION('',(0.,1.,0.));
#3301 = DIRECTION('',(1.,0.,0.));
#3302 = ADVANCED_FACE('',(#3303),#3321,.T.);
#3303 = FACE_BOUND('',#3304,.T.);
#3304 = EDGE_LOOP('',(#3305,#3313,#3319,#3320));
#3305 = ORIENTED_EDGE('',*,*,#3306,.T.);
#3306 = EDGE_CURVE('',#2502,#3307,#3309,.T.);
#3307 = VERTEX_POINT('',#3308);
#3308 = CARTESIAN_POINT('',(86.4,64.2,82.));
#3309 = LINE('',#3310,#3311);
#3310 = CARTESIAN_POINT('',(86.4,64.2,4.));
#3311 = VECTOR('',#3312,1.);
#3312 = DIRECTION('',(0.,0.,1.));
#3313 = ORIENTED_EDGE('',*,*,#3314,.T.);
#3314 = EDGE_CURVE('',#3307,#2706,#3315,.T.);
#3315 = LINE('',#3316,#3317);
#3316 = CARTESIAN_POINT('',(86.4,64.2,82.));
#3317 = VECTOR('',#3318,1.);
#3318 = DIRECTION('',(-1.,0.,0.));
#3319 = ORIENTED_EDGE('',*,*,#2713,.F.);
#3320 = ORIENTED_EDGE('',*,*,#2509,.F.);
#3321 = PLANE('',#3322);
#3322 = AXIS2_PLACEMENT_3D('',#3323,#3324,#3325);
#3323 = CARTESIAN_POINT('',(86.4,64.2,4.));
#3324 = DIRECTION('',(0.,-1.,0.));
#3325 = DIRECTION('',(-1.,0.,0.));
#3326 = ADVANCED_FACE('',(#3327),#3338,.T.);
#3327 = FACE_BOUND('',#3328,.T.);
#3328 = EDGE_LOOP('',(#3329,#3330,#3331,#3337));
#3329 = ORIENTED_EDGE('',*,*,#3291,.T.);
#3330 = ORIENTED_EDGE('',*,*,#3125,.T.);
#3331 = ORIENTED_EDGE('',*,*,#3332,.F.);
#3332 = EDGE_CURVE('',#2374,#3118,#3333,.T.);
#3333 = LINE('',#3334,#3335);
#3334 = CARTESIAN_POINT('',(86.4,13.,4.));
#3335 = VECTOR('',#3336,1.);
#3336 = DIRECTION('',(0.,0.,1.));
#3337 = ORIENTED_EDGE('',*,*,#2373,.F.);
#3338 = PLANE('',#3339);
#3339 = AXIS2_PLACEMENT_3D('',#3340,#3341,#3342);
#3340 = CARTESIAN_POINT('',(86.4,15.8,4.));
#3341 = DIRECTION('',(1.,0.,0.));
#3342 = DIRECTION('',(0.,-1.,0.));
#3343 = ADVANCED_FACE('',(#3344),#3362,.T.);
#3344 = FACE_BOUND('',#3345,.T.);
#3345 = EDGE_LOOP('',(#3346,#3354,#3360,#3361));
#3346 = ORIENTED_EDGE('',*,*,#3347,.T.);
#3347 = EDGE_CURVE('',#2494,#3348,#3350,.T.);
#3348 = VERTEX_POINT('',#3349);
#3349 = CARTESIAN_POINT('',(86.4,67.,82.));
#3350 = LINE('',#3351,#3352);
#3351 = CARTESIAN_POINT('',(86.4,67.,4.));
#3352 = VECTOR('',#3353,1.);
#3353 = DIRECTION('',(0.,0.,1.));
#3354 = ORIENTED_EDGE('',*,*,#3355,.T.);
#3355 = EDGE_CURVE('',#3348,#3307,#3356,.T.);
#3356 = LINE('',#3357,#3358);
#3357 = CARTESIAN_POINT('',(86.4,67.,82.));
#3358 = VECTOR('',#3359,1.);
#3359 = DIRECTION('',(0.,-1.,0.));
#3360 = ORIENTED_EDGE('',*,*,#3306,.F.);
#3361 = ORIENTED_EDGE('',*,*,#2501,.F.);
#3362 = PLANE('',#3363);
#3363 = AXIS2_PLACEMENT_3D('',#3364,#3365,#3366);
#3364 = CARTESIAN_POINT('',(86.4,67.,4.));
#3365 = DIRECTION('',(1.,0.,0.));
#3366 = DIRECTION('',(0.,-1.,0.));
#3367 = ADVANCED_FACE('',(#3368),#3379,.T.);
#3368 = FACE_BOUND('',#3369,.T.);
#3369 = EDGE_LOOP('',(#3370,#3371,#3372,#3378));
#3370 = ORIENTED_EDGE('',*,*,#3332,.T.);
#3371 = ORIENTED_EDGE('',*,*,#3117,.T.);
#3372 = ORIENTED_EDGE('',*,*,#3373,.F.);
#3373 = EDGE_CURVE('',#2382,#3110,#3374,.T.);
#3374 = LINE('',#3375,#3376);
#3375 = CARTESIAN_POINT('',(89.6,13.,4.));
#3376 = VECTOR('',#3377,1.);
#3377 = DIRECTION('',(0.,0.,1.));
#3378 = ORIENTED_EDGE('',*,*,#2381,.F.);
#3379 = PLANE('',#3380);
#3380 = AXIS2_PLACEMENT_3D('',#3381,#3382,#3383);
#3381 = CARTESIAN_POINT('',(86.4,13.,4.));
#3382 = DIRECTION('',(0.,1.,0.));
#3383 = DIRECTION('',(1.,0.,0.));
#3384 = ADVANCED_FACE('',(#3385),#3403,.T.);
#3385 = FACE_BOUND('',#3386,.T.);
#3386 = EDGE_LOOP('',(#3387,#3395,#3401,#3402));
#3387 = ORIENTED_EDGE('',*,*,#3388,.T.);
#3388 = EDGE_CURVE('',#2486,#3389,#3391,.T.);
#3389 = VERTEX_POINT('',#3390);
#3390 = CARTESIAN_POINT('',(89.6,67.,82.));
#3391 = LINE('',#3392,#3393);
#3392 = CARTESIAN_POINT('',(89.6,67.,4.));
#3393 = VECTOR('',#3394,1.);
#3394 = DIRECTION('',(0.,0.,1.));
#3395 = ORIENTED_EDGE('',*,*,#3396,.T.);
#3396 = EDGE_CURVE('',#3389,#3348,#3397,.T.);
#3397 = LINE('',#3398,#3399);
#3398 = CARTESIAN_POINT('',(89.6,67.,82.));
#3399 = VECTOR('',#3400,1.);
#3400 = DIRECTION('',(-1.,0.,0.));
#3401 = ORIENTED_EDGE('',*,*,#3347,.F.);
#3402 = ORIENTED_EDGE('',*,*,#2493,.F.);
#3403 = PLANE('',#3404);
#3404 = AXIS2_PLACEMENT_3D('',#3405,#3406,#3407);
#3405 = CARTESIAN_POINT('',(89.6,67.,4.));
#3406 = DIRECTION('',(0.,-1.,0.));
#3407 = DIRECTION('',(-1.,0.,0.));
#3408 = ADVANCED_FACE('',(#3409),#3420,.T.);
#3409 = FACE_BOUND('',#3410,.T.);
#3410 = EDGE_LOOP('',(#3411,#3412,#3413,#3419));
#3411 = ORIENTED_EDGE('',*,*,#3373,.T.);
#3412 = ORIENTED_EDGE('',*,*,#3109,.T.);
#3413 = ORIENTED_EDGE('',*,*,#3414,.F.);
#3414 = EDGE_CURVE('',#2390,#3102,#3415,.T.);
#3415 = LINE('',#3416,#3417);
#3416 = CARTESIAN_POINT('',(89.6,15.8,4.));
#3417 = VECTOR('',#3418,1.);
#3418 = DIRECTION('',(0.,0.,1.));
#3419 = ORIENTED_EDGE('',*,*,#2389,.F.);
#3420 = PLANE('',#3421);
#3421 = AXIS2_PLACEMENT_3D('',#3422,#3423,#3424);
#3422 = CARTESIAN_POINT('',(89.6,13.,4.));
#3423 = DIRECTION('',(-1.,0.,0.));
#3424 = DIRECTION('',(0.,1.,0.));
#3425 = ADVANCED_FACE('',(#3426),#3444,.T.);
#3426 = FACE_BOUND('',#3427,.T.);
#3427 = EDGE_LOOP('',(#3428,#3436,#3442,#3443));
#3428 = ORIENTED_EDGE('',*,*,#3429,.T.);
#3429 = EDGE_CURVE('',#2478,#3430,#3432,.T.);
#3430 = VERTEX_POINT('',#3431);
#3431 = CARTESIAN_POINT('',(89.6,64.2,82.));
#3432 = LINE('',#3433,#3434);
#3433 = CARTESIAN_POINT('',(89.6,64.2,4.));
#3434 = VECTOR('',#3435,1.);
#3435 = DIRECTION('',(0.,0.,1.));
#3436 = ORIENTED_EDGE('',*,*,#3437,.T.);
#3437 = EDGE_CURVE('',#3430,#3389,#3438,.T.);
#3438 = LINE('',#3439,#3440);
#3439 = CARTESIAN_POINT('',(89.6,64.2,82.));
#3440 = VECTOR('',#3441,1.);
#3441 = DIRECTION('',(0.,1.,0.));
#3442 = ORIENTED_EDGE('',*,*,#3388,.F.);
#3443 = ORIENTED_EDGE('',*,*,#2485,.F.);
#3444 = PLANE('',#3445);
#3445 = AXIS2_PLACEMENT_3D('',#3446,#3447,#3448);
#3446 = CARTESIAN_POINT('',(89.6,64.2,4.));
#3447 = DIRECTION('',(-1.,0.,0.));
#3448 = DIRECTION('',(0.,1.,0.));
#3449 = ADVANCED_FACE('',(#3450),#3456,.T.);
#3450 = FACE_BOUND('',#3451,.T.);
#3451 = EDGE_LOOP('',(#3452,#3453,#3454,#3455));
#3452 = ORIENTED_EDGE('',*,*,#3414,.T.);
#3453 = ORIENTED_EDGE('',*,*,#3101,.T.);
#3454 = ORIENTED_EDGE('',*,*,#3084,.F.);
#3455 = ORIENTED_EDGE('',*,*,#2397,.F.);
#3456 = PLANE('',#3457);
#3457 = AXIS2_PLACEMENT_3D('',#3458,#3459,#3460);
#3458 = CARTESIAN_POINT('',(89.6,15.8,4.));
#3459 = DIRECTION('',(0.,1.,0.));
#3460 = DIRECTION('',(1.,0.,0.));
#3461 = ADVANCED_FACE('',(#3462),#3473,.T.);
#3462 = FACE_BOUND('',#3463,.T.);
#3463 = EDGE_LOOP('',(#3464,#3465,#3471,#3472));
#3464 = ORIENTED_EDGE('',*,*,#2842,.T.);
#3465 = ORIENTED_EDGE('',*,*,#3466,.T.);
#3466 = EDGE_CURVE('',#2835,#3430,#3467,.T.);
#3467 = LINE('',#3468,#3469);
#3468 = CARTESIAN_POINT('',(92.,64.2,82.));
#3469 = VECTOR('',#3470,1.);
#3470 = DIRECTION('',(-1.,0.,0.));
#3471 = ORIENTED_EDGE('',*,*,#3429,.F.);
#3472 = ORIENTED_EDGE('',*,*,#2477,.F.);
#3473 = PLANE('',#3474);
#3474 = AXIS2_PLACEMENT_3D('',#3475,#3476,#3477);
#3475 = CARTESIAN_POINT('',(92.,64.2,4.));
#3476 = DIRECTION('',(0.,-1.,0.));
#3477 = DIRECTION('',(-1.,0.,0.));
#3478 = ADVANCED_FACE('',(#3479),#3490,.T.);
#3479 = FACE_BOUND('',#3480,.T.);
#3480 = EDGE_LOOP('',(#3481,#3487,#3488,#3489));
#3481 = ORIENTED_EDGE('',*,*,#3482,.T.);
#3482 = EDGE_CURVE('',#2990,#2422,#3483,.T.);
#3483 = LINE('',#3484,#3485);
#3484 = CARTESIAN_POINT('',(113.8,32.1,11.));
#3485 = VECTOR('',#3486,1.);
#3486 = DIRECTION('',(-0.,-0.,-1.));
#3487 = ORIENTED_EDGE('',*,*,#2421,.T.);
#3488 = ORIENTED_EDGE('',*,*,#2965,.F.);
#3489 = ORIENTED_EDGE('',*,*,#2989,.F.);
#3490 = PLANE('',#3491);
#3491 = AXIS2_PLACEMENT_3D('',#3492,#3493,#3494);
#3492 = CARTESIAN_POINT('',(113.8,32.1,11.));
#3493 = DIRECTION('',(-1.,0.,0.));
#3494 = DIRECTION('',(0.,-1.,0.));
#3495 = ADVANCED_FACE('',(#3496),#3507,.T.);
#3496 = FACE_BOUND('',#3497,.T.);
#3497 = EDGE_LOOP('',(#3498,#3499,#3500,#3506));
#3498 = ORIENTED_EDGE('',*,*,#3060,.T.);
#3499 = ORIENTED_EDGE('',*,*,#2453,.T.);
#3500 = ORIENTED_EDGE('',*,*,#3501,.F.);
#3501 = EDGE_CURVE('',#3029,#2446,#3502,.T.);
#3502 = LINE('',#3503,#3504);
#3503 = CARTESIAN_POINT('',(113.8,47.9,11.));
#3504 = VECTOR('',#3505,1.);
#3505 = DIRECTION('',(-0.,-0.,-1.));
#3506 = ORIENTED_EDGE('',*,*,#3028,.F.);
#3507 = PLANE('',#3508);
#3508 = AXIS2_PLACEMENT_3D('',#3509,#3510,#3511);
#3509 = CARTESIAN_POINT('',(113.8,49.9,11.));
#3510 = DIRECTION('',(-1.,0.,0.));
#3511 = DIRECTION('',(0.,-1.,0.));
#3512 = ADVANCED_FACE('',(#3513),#3519,.T.);
#3513 = FACE_BOUND('',#3514,.T.);
#3514 = EDGE_LOOP('',(#3515,#3516,#3517,#3518));
#3515 = ORIENTED_EDGE('',*,*,#3482,.F.);
#3516 = ORIENTED_EDGE('',*,*,#2997,.F.);
#3517 = ORIENTED_EDGE('',*,*,#3250,.F.);
#3518 = ORIENTED_EDGE('',*,*,#2429,.F.);
#3519 = PLANE('',#3520);
#3520 = AXIS2_PLACEMENT_3D('',#3521,#3522,#3523);
#3521 = CARTESIAN_POINT('',(122.9,32.1,7.5));
#3522 = DIRECTION('',(0.,1.,0.));
#3523 = DIRECTION('',(0.,0.,1.));
#3524 = ADVANCED_FACE('',(#3525),#3531,.T.);
#3525 = FACE_BOUND('',#3526,.T.);
#3526 = EDGE_LOOP('',(#3527,#3528,#3529,#3530));
#3527 = ORIENTED_EDGE('',*,*,#3243,.F.);
#3528 = ORIENTED_EDGE('',*,*,#3036,.T.);
#3529 = ORIENTED_EDGE('',*,*,#3501,.T.);
#3530 = ORIENTED_EDGE('',*,*,#2445,.T.);
#3531 = PLANE('',#3532);
#3532 = AXIS2_PLACEMENT_3D('',#3533,#3534,#3535);
#3533 = CARTESIAN_POINT('',(122.9,47.9,7.5));
#3534 = DIRECTION('',(-0.,-1.,-0.));
#3535 = DIRECTION('',(0.,0.,-1.));
#3536 = ADVANCED_FACE('',(#3537),#3562,.F.);
#3537 = FACE_BOUND('',#3538,.F.);
#3538 = EDGE_LOOP('',(#3539,#3547,#3555,#3561));
#3539 = ORIENTED_EDGE('',*,*,#3540,.T.);
#3540 = EDGE_CURVE('',#2550,#3541,#3543,.T.);
#3541 = VERTEX_POINT('',#3542);
#3542 = CARTESIAN_POINT('',(11.,60.,39.));
#3543 = LINE('',#3544,#3545);
#3544 = CARTESIAN_POINT('',(11.,60.,4.));
#3545 = VECTOR('',#3546,1.);
#3546 = DIRECTION('',(0.,0.,1.));
#3547 = ORIENTED_EDGE('',*,*,#3548,.T.);
#3548 = EDGE_CURVE('',#3541,#3549,#3551,.T.);
#3549 = VERTEX_POINT('',#3550);
#3550 = CARTESIAN_POINT('',(7.,60.,39.));
#3551 = LINE('',#3552,#3553);
#3552 = CARTESIAN_POINT('',(11.,60.,39.));
#3553 = VECTOR('',#3554,1.);
#3554 = DIRECTION('',(-1.,0.,0.));
#3555 = ORIENTED_EDGE('',*,*,#3556,.F.);
#3556 = EDGE_CURVE('',#2552,#3549,#3557,.T.);
#3557 = LINE('',#3558,#3559);
#3558 = CARTESIAN_POINT('',(7.,60.,4.));
#3559 = VECTOR('',#3560,1.);
#3560 = DIRECTION('',(0.,0.,1.));
#3561 = ORIENTED_EDGE('',*,*,#2549,.F.);
#3562 = PLANE('',#3563);
#3563 = AXIS2_PLACEMENT_3D('',#3564,#3565,#3566);
#3564 = CARTESIAN_POINT('',(11.,60.,4.));
#3565 = DIRECTION('',(0.,-1.,0.));
#3566 = DIRECTION('',(-1.,0.,0.));
#3567 = ADVANCED_FACE('',(#3568),#3586,.F.);
#3568 = FACE_BOUND('',#3569,.F.);
#3569 = EDGE_LOOP('',(#3570,#3571,#3579,#3585));
#3570 = ORIENTED_EDGE('',*,*,#3556,.T.);
#3571 = ORIENTED_EDGE('',*,*,#3572,.T.);
#3572 = EDGE_CURVE('',#3549,#3573,#3575,.T.);
#3573 = VERTEX_POINT('',#3574);
#3574 = CARTESIAN_POINT('',(7.,20.,39.));
#3575 = LINE('',#3576,#3577);
#3576 = CARTESIAN_POINT('',(7.,60.,39.));
#3577 = VECTOR('',#3578,1.);
#3578 = DIRECTION('',(0.,-1.,0.));
#3579 = ORIENTED_EDGE('',*,*,#3580,.F.);
#3580 = EDGE_CURVE('',#2568,#3573,#3581,.T.);
#3581 = LINE('',#3582,#3583);
#3582 = CARTESIAN_POINT('',(7.,20.,4.));
#3583 = VECTOR('',#3584,1.);
#3584 = DIRECTION('',(0.,0.,1.));
#3585 = ORIENTED_EDGE('',*,*,#2575,.F.);
#3586 = PLANE('',#3587);
#3587 = AXIS2_PLACEMENT_3D('',#3588,#3589,#3590);
#3588 = CARTESIAN_POINT('',(7.,60.,4.));
#3589 = DIRECTION('',(1.,0.,0.));
#3590 = DIRECTION('',(0.,-1.,0.));
#3591 = ADVANCED_FACE('',(#3592),#3610,.F.);
#3592 = FACE_BOUND('',#3593,.F.);
#3593 = EDGE_LOOP('',(#3594,#3595,#3603,#3609));
#3594 = ORIENTED_EDGE('',*,*,#3580,.T.);
#3595 = ORIENTED_EDGE('',*,*,#3596,.T.);
#3596 = EDGE_CURVE('',#3573,#3597,#3599,.T.);
#3597 = VERTEX_POINT('',#3598);
#3598 = CARTESIAN_POINT('',(11.,20.,39.));
#3599 = LINE('',#3600,#3601);
#3600 = CARTESIAN_POINT('',(7.,20.,39.));
#3601 = VECTOR('',#3602,1.);
#3602 = DIRECTION('',(1.,0.,0.));
#3603 = ORIENTED_EDGE('',*,*,#3604,.F.);
#3604 = EDGE_CURVE('',#2560,#3597,#3605,.T.);
#3605 = LINE('',#3606,#3607);
#3606 = CARTESIAN_POINT('',(11.,20.,4.));
#3607 = VECTOR('',#3608,1.);
#3608 = DIRECTION('',(0.,0.,1.));
#3609 = ORIENTED_EDGE('',*,*,#2567,.F.);
#3610 = PLANE('',#3611);
#3611 = AXIS2_PLACEMENT_3D('',#3612,#3613,#3614);
#3612 = CARTESIAN_POINT('',(7.,20.,4.));
#3613 = DIRECTION('',(0.,1.,0.));
#3614 = DIRECTION('',(1.,0.,0.));
#3615 = ADVANCED_FACE('',(#3616),#3627,.T.);
#3616 = FACE_BOUND('',#3617,.T.);
#3617 = EDGE_LOOP('',(#3618,#3619,#3625,#3626));
#3618 = ORIENTED_EDGE('',*,*,#3540,.T.);
#3619 = ORIENTED_EDGE('',*,*,#3620,.T.);
#3620 = EDGE_CURVE('',#3541,#3597,#3621,.T.);
#3621 = LINE('',#3622,#3623);
#3622 = CARTESIAN_POINT('',(11.,60.,39.));
#3623 = VECTOR('',#3624,1.);
#3624 = DIRECTION('',(0.,-1.,0.));
#3625 = ORIENTED_EDGE('',*,*,#3604,.F.);
#3626 = ORIENTED_EDGE('',*,*,#2559,.F.);
#3627 = PLANE('',#3628);
#3628 = AXIS2_PLACEMENT_3D('',#3629,#3630,#3631);
#3629 = CARTESIAN_POINT('',(11.,60.,4.));
#3630 = DIRECTION('',(1.,0.,0.));
#3631 = DIRECTION('',(0.,-1.,0.));
#3632 = ADVANCED_FACE('',(#3633),#3658,.F.);
#3633 = FACE_BOUND('',#3634,.F.);
#3634 = EDGE_LOOP('',(#3635,#3643,#3651,#3657));
#3635 = ORIENTED_EDGE('',*,*,#3636,.T.);
#3636 = EDGE_CURVE('',#2584,#3637,#3639,.T.);
#3637 = VERTEX_POINT('',#3638);
#3638 = CARTESIAN_POINT('',(61.,60.,39.));
#3639 = LINE('',#3640,#3641);
#3640 = CARTESIAN_POINT('',(61.,60.,4.));
#3641 = VECTOR('',#3642,1.);
#3642 = DIRECTION('',(0.,0.,1.));
#3643 = ORIENTED_EDGE('',*,*,#3644,.T.);
#3644 = EDGE_CURVE('',#3637,#3645,#3647,.T.);
#3645 = VERTEX_POINT('',#3646);
#3646 = CARTESIAN_POINT('',(61.,20.,39.));
#3647 = LINE('',#3648,#3649);
#3648 = CARTESIAN_POINT('',(61.,60.,39.));
#3649 = VECTOR('',#3650,1.);
#3650 = DIRECTION('',(0.,-1.,0.));
#3651 = ORIENTED_EDGE('',*,*,#3652,.F.);
#3652 = EDGE_CURVE('',#2586,#3645,#3653,.T.);
#3653 = LINE('',#3654,#3655);
#3654 = CARTESIAN_POINT('',(61.,20.,4.));
#3655 = VECTOR('',#3656,1.);
#3656 = DIRECTION('',(0.,0.,1.));
#3657 = ORIENTED_EDGE('',*,*,#2583,.F.);
#3658 = PLANE('',#3659);
#3659 = AXIS2_PLACEMENT_3D('',#3660,#3661,#3662);
#3660 = CARTESIAN_POINT('',(61.,60.,4.));
#3661 = DIRECTION('',(1.,0.,0.));
#3662 = DIRECTION('',(0.,-1.,0.));
#3663 = ADVANCED_FACE('',(#3664),#3682,.F.);
#3664 = FACE_BOUND('',#3665,.F.);
#3665 = EDGE_LOOP('',(#3666,#3667,#3675,#3681));
#3666 = ORIENTED_EDGE('',*,*,#3652,.T.);
#3667 = ORIENTED_EDGE('',*,*,#3668,.T.);
#3668 = EDGE_CURVE('',#3645,#3669,#3671,.T.);
#3669 = VERTEX_POINT('',#3670);
#3670 = CARTESIAN_POINT('',(65.,20.,39.));
#3671 = LINE('',#3672,#3673);
#3672 = CARTESIAN_POINT('',(61.,20.,39.));
#3673 = VECTOR('',#3674,1.);
#3674 = DIRECTION('',(1.,0.,0.));
#3675 = ORIENTED_EDGE('',*,*,#3676,.F.);
#3676 = EDGE_CURVE('',#2602,#3669,#3677,.T.);
#3677 = LINE('',#3678,#3679);
#3678 = CARTESIAN_POINT('',(65.,20.,4.));
#3679 = VECTOR('',#3680,1.);
#3680 = DIRECTION('',(0.,0.,1.));
#3681 = ORIENTED_EDGE('',*,*,#2609,.F.);
#3682 = PLANE('',#3683);
#3683 = AXIS2_PLACEMENT_3D('',#3684,#3685,#3686);
#3684 = CARTESIAN_POINT('',(61.,20.,4.));
#3685 = DIRECTION('',(0.,1.,0.));
#3686 = DIRECTION('',(1.,0.,0.));
#3687 = ADVANCED_FACE('',(#3688),#3706,.F.);
#3688 = FACE_BOUND('',#3689,.F.);
#3689 = EDGE_LOOP('',(#3690,#3691,#3699,#3705));
#3690 = ORIENTED_EDGE('',*,*,#3676,.T.);
#3691 = ORIENTED_EDGE('',*,*,#3692,.T.);
#3692 = EDGE_CURVE('',#3669,#3693,#3695,.T.);
#3693 = VERTEX_POINT('',#3694);
#3694 = CARTESIAN_POINT('',(65.,60.,39.));
#3695 = LINE('',#3696,#3697);
#3696 = CARTESIAN_POINT('',(65.,20.,39.));
#3697 = VECTOR('',#3698,1.);
#3698 = DIRECTION('',(0.,1.,0.));
#3699 = ORIENTED_EDGE('',*,*,#3700,.F.);
#3700 = EDGE_CURVE('',#2594,#3693,#3701,.T.);
#3701 = LINE('',#3702,#3703);
#3702 = CARTESIAN_POINT('',(65.,60.,4.));
#3703 = VECTOR('',#3704,1.);
#3704 = DIRECTION('',(0.,0.,1.));
#3705 = ORIENTED_EDGE('',*,*,#2601,.F.);
#3706 = PLANE('',#3707);
#3707 = AXIS2_PLACEMENT_3D('',#3708,#3709,#3710);
#3708 = CARTESIAN_POINT('',(65.,20.,4.));
#3709 = DIRECTION('',(-1.,0.,0.));
#3710 = DIRECTION('',(0.,1.,0.));
#3711 = ADVANCED_FACE('',(#3712),#3723,.T.);
#3712 = FACE_BOUND('',#3713,.T.);
#3713 = EDGE_LOOP('',(#3714,#3715,#3721,#3722));
#3714 = ORIENTED_EDGE('',*,*,#3636,.T.);
#3715 = ORIENTED_EDGE('',*,*,#3716,.T.);
#3716 = EDGE_CURVE('',#3637,#3693,#3717,.T.);
#3717 = LINE('',#3718,#3719);
#3718 = CARTESIAN_POINT('',(61.,60.,39.));
#3719 = VECTOR('',#3720,1.);
#3720 = DIRECTION('',(1.,0.,0.));
#3721 = ORIENTED_EDGE('',*,*,#3700,.F.);
#3722 = ORIENTED_EDGE('',*,*,#2593,.F.);
#3723 = PLANE('',#3724);
#3724 = AXIS2_PLACEMENT_3D('',#3725,#3726,#3727);
#3725 = CARTESIAN_POINT('',(61.,60.,4.));
#3726 = DIRECTION('',(0.,1.,0.));
#3727 = DIRECTION('',(1.,0.,0.));
#3728 = ADVANCED_FACE('',(#3729),#3786,.T.);
#3729 = FACE_BOUND('',#3730,.T.);
#3730 = EDGE_LOOP('',(#3731,#3741,#3749,#3755,#3756,#3764,#3772,#3780));
#3731 = ORIENTED_EDGE('',*,*,#3732,.F.);
#3732 = EDGE_CURVE('',#3733,#3735,#3737,.T.);
#3733 = VERTEX_POINT('',#3734);
#3734 = CARTESIAN_POINT('',(112.2,32.1,11.));
#3735 = VERTEX_POINT('',#3736);
#3736 = CARTESIAN_POINT('',(112.2,32.1,6.));
#3737 = LINE('',#3738,#3739);
#3738 = CARTESIAN_POINT('',(112.2,32.1,11.));
#3739 = VECTOR('',#3740,1.);
#3740 = DIRECTION('',(-0.,-0.,-1.));
#3741 = ORIENTED_EDGE('',*,*,#3742,.T.);
#3742 = EDGE_CURVE('',#3733,#3743,#3745,.T.);
#3743 = VERTEX_POINT('',#3744);
#3744 = CARTESIAN_POINT('',(112.2,30.1,11.));
#3745 = LINE('',#3746,#3747);
#3746 = CARTESIAN_POINT('',(112.2,32.1,11.));
#3747 = VECTOR('',#3748,1.);
#3748 = DIRECTION('',(0.,-1.,0.));
#3749 = ORIENTED_EDGE('',*,*,#3750,.T.);
#3750 = EDGE_CURVE('',#3743,#2620,#3751,.T.);
#3751 = LINE('',#3752,#3753);
#3752 = CARTESIAN_POINT('',(112.2,30.1,11.));
#3753 = VECTOR('',#3754,1.);
#3754 = DIRECTION('',(-0.,-0.,-1.));
#3755 = ORIENTED_EDGE('',*,*,#2617,.F.);
#3756 = ORIENTED_EDGE('',*,*,#3757,.F.);
#3757 = EDGE_CURVE('',#3758,#2618,#3760,.T.);
#3758 = VERTEX_POINT('',#3759);
#3759 = CARTESIAN_POINT('',(112.2,49.9,11.));
#3760 = LINE('',#3761,#3762);
#3761 = CARTESIAN_POINT('',(112.2,49.9,11.));
#3762 = VECTOR('',#3763,1.);
#3763 = DIRECTION('',(-0.,-0.,-1.));
#3764 = ORIENTED_EDGE('',*,*,#3765,.T.);
#3765 = EDGE_CURVE('',#3758,#3766,#3768,.T.);
#3766 = VERTEX_POINT('',#3767);
#3767 = CARTESIAN_POINT('',(112.2,47.9,11.));
#3768 = LINE('',#3769,#3770);
#3769 = CARTESIAN_POINT('',(112.2,49.9,11.));
#3770 = VECTOR('',#3771,1.);
#3771 = DIRECTION('',(0.,-1.,0.));
#3772 = ORIENTED_EDGE('',*,*,#3773,.T.);
#3773 = EDGE_CURVE('',#3766,#3774,#3776,.T.);
#3774 = VERTEX_POINT('',#3775);
#3775 = CARTESIAN_POINT('',(112.2,47.9,6.));
#3776 = LINE('',#3777,#3778);
#3777 = CARTESIAN_POINT('',(112.2,47.9,11.));
#3778 = VECTOR('',#3779,1.);
#3779 = DIRECTION('',(-0.,-0.,-1.));
#3780 = ORIENTED_EDGE('',*,*,#3781,.F.);
#3781 = EDGE_CURVE('',#3735,#3774,#3782,.T.);
#3782 = LINE('',#3783,#3784);
#3783 = CARTESIAN_POINT('',(112.2,32.1,6.));
#3784 = VECTOR('',#3785,1.);
#3785 = DIRECTION('',(0.,1.,-2.2E-16));
#3786 = PLANE('',#3787);
#3787 = AXIS2_PLACEMENT_3D('',#3788,#3789,#3790);
#3788 = CARTESIAN_POINT('',(112.2,40.,6.415094339623));
#3789 = DIRECTION('',(1.,0.,0.));
#3790 = DIRECTION('',(0.,0.,1.));
#3791 = ADVANCED_FACE('',(#3792),#3810,.T.);
#3792 = FACE_BOUND('',#3793,.T.);
#3793 = EDGE_LOOP('',(#3794,#3795,#3796,#3804));
#3794 = ORIENTED_EDGE('',*,*,#3757,.T.);
#3795 = ORIENTED_EDGE('',*,*,#2643,.T.);
#3796 = ORIENTED_EDGE('',*,*,#3797,.T.);
#3797 = EDGE_CURVE('',#2636,#3798,#3800,.T.);
#3798 = VERTEX_POINT('',#3799);
#3799 = CARTESIAN_POINT('',(110.,49.9,11.));
#3800 = LINE('',#3801,#3802);
#3801 = CARTESIAN_POINT('',(110.,49.9,-2.4E-15));
#3802 = VECTOR('',#3803,1.);
#3803 = DIRECTION('',(0.,0.,1.));
#3804 = ORIENTED_EDGE('',*,*,#3805,.F.);
#3805 = EDGE_CURVE('',#3758,#3798,#3806,.T.);
#3806 = LINE('',#3807,#3808);
#3807 = CARTESIAN_POINT('',(128.,49.9,11.));
#3808 = VECTOR('',#3809,1.);
#3809 = DIRECTION('',(-1.,1.1E-16,-1.1E-16));
#3810 = PLANE('',#3811);
#3811 = AXIS2_PLACEMENT_3D('',#3812,#3813,#3814);
#3812 = CARTESIAN_POINT('',(128.,49.9,1.068E-14));
#3813 = DIRECTION('',(1.1E-16,1.,2.2E-16));
#3814 = DIRECTION('',(-2.2E-16,-2.2E-16,1.));
#3815 = ADVANCED_FACE('',(#3816),#3834,.F.);
#3816 = FACE_BOUND('',#3817,.F.);
#3817 = EDGE_LOOP('',(#3818,#3819,#3820,#3828));
#3818 = ORIENTED_EDGE('',*,*,#3750,.T.);
#3819 = ORIENTED_EDGE('',*,*,#2627,.T.);
#3820 = ORIENTED_EDGE('',*,*,#3821,.T.);
#3821 = EDGE_CURVE('',#2628,#3822,#3824,.T.);
#3822 = VERTEX_POINT('',#3823);
#3823 = CARTESIAN_POINT('',(110.,30.1,11.));
#3824 = LINE('',#3825,#3826);
#3825 = CARTESIAN_POINT('',(110.,30.1,-2.4E-15));
#3826 = VECTOR('',#3827,1.);
#3827 = DIRECTION('',(0.,0.,1.));
#3828 = ORIENTED_EDGE('',*,*,#3829,.F.);
#3829 = EDGE_CURVE('',#3743,#3822,#3830,.T.);
#3830 = LINE('',#3831,#3832);
#3831 = CARTESIAN_POINT('',(128.,30.1,11.));
#3832 = VECTOR('',#3833,1.);
#3833 = DIRECTION('',(-1.,1.1E-16,-1.1E-16));
#3834 = PLANE('',#3835);
#3835 = AXIS2_PLACEMENT_3D('',#3836,#3837,#3838);
#3836 = CARTESIAN_POINT('',(128.,30.1,6.28E-15));
#3837 = DIRECTION('',(1.1E-16,1.,2.2E-16));
#3838 = DIRECTION('',(-2.2E-16,-2.2E-16,1.));
#3839 = ADVANCED_FACE('',(#3840),#3883,.T.);
#3840 = FACE_BOUND('',#3841,.T.);
#3841 = EDGE_LOOP('',(#3842,#3843,#3844,#3852,#3860,#3868,#3876,#3882));
#3842 = ORIENTED_EDGE('',*,*,#2635,.F.);
#3843 = ORIENTED_EDGE('',*,*,#3821,.T.);
#3844 = ORIENTED_EDGE('',*,*,#3845,.T.);
#3845 = EDGE_CURVE('',#3822,#3846,#3848,.T.);
#3846 = VERTEX_POINT('',#3847);
#3847 = CARTESIAN_POINT('',(110.,32.1,11.));
#3848 = LINE('',#3849,#3850);
#3849 = CARTESIAN_POINT('',(110.,30.1,11.));
#3850 = VECTOR('',#3851,1.);
#3851 = DIRECTION('',(0.,1.,0.));
#3852 = ORIENTED_EDGE('',*,*,#3853,.T.);
#3853 = EDGE_CURVE('',#3846,#3854,#3856,.T.);
#3854 = VERTEX_POINT('',#3855);
#3855 = CARTESIAN_POINT('',(110.,32.1,6.));
#3856 = LINE('',#3857,#3858);
#3857 = CARTESIAN_POINT('',(110.,32.1,11.));
#3858 = VECTOR('',#3859,1.);
#3859 = DIRECTION('',(0.,0.,-1.));
#3860 = ORIENTED_EDGE('',*,*,#3861,.T.);
#3861 = EDGE_CURVE('',#3854,#3862,#3864,.T.);
#3862 = VERTEX_POINT('',#3863);
#3863 = CARTESIAN_POINT('',(110.,47.9,6.));
#3864 = LINE('',#3865,#3866);
#3865 = CARTESIAN_POINT('',(110.,32.1,6.));
#3866 = VECTOR('',#3867,1.);
#3867 = DIRECTION('',(0.,1.,-2.2E-16));
#3868 = ORIENTED_EDGE('',*,*,#3869,.T.);
#3869 = EDGE_CURVE('',#3862,#3870,#3872,.T.);
#3870 = VERTEX_POINT('',#3871);
#3871 = CARTESIAN_POINT('',(110.,47.9,11.));
#3872 = LINE('',#3873,#3874);
#3873 = CARTESIAN_POINT('',(110.,47.9,4.));
#3874 = VECTOR('',#3875,1.);
#3875 = DIRECTION('',(0.,0.,1.));
#3876 = ORIENTED_EDGE('',*,*,#3877,.F.);
#3877 = EDGE_CURVE('',#3798,#3870,#3878,.T.);
#3878 = LINE('',#3879,#3880);
#3879 = CARTESIAN_POINT('',(110.,49.9,11.));
#3880 = VECTOR('',#3881,1.);
#3881 = DIRECTION('',(0.,-1.,0.));
#3882 = ORIENTED_EDGE('',*,*,#3797,.F.);
#3883 = PLANE('',#3884);
#3884 = AXIS2_PLACEMENT_3D('',#3885,#3886,#3887);
#3885 = CARTESIAN_POINT('',(110.,40.,6.415094339623));
#3886 = DIRECTION('',(-1.,0.,1.56E-15));
#3887 = DIRECTION('',(-1.56E-15,0.,-1.));
#3888 = ADVANCED_FACE('',(#3889),#3922,.T.);
#3889 = FACE_BOUND('',#3890,.T.);
#3890 = EDGE_LOOP('',(#3891,#3892,#3901,#3909,#3916,#3917,#3918,#3919,
    #3920,#3921));
#3891 = ORIENTED_EDGE('',*,*,#2832,.F.);
#3892 = ORIENTED_EDGE('',*,*,#3893,.T.);
#3893 = EDGE_CURVE('',#2833,#3894,#3896,.T.);
#3894 = VERTEX_POINT('',#3895);
#3895 = CARTESIAN_POINT('',(91.,76.,82.));
#3896 = CIRCLE('',#3897,1.);
#3897 = AXIS2_PLACEMENT_3D('',#3898,#3899,#3900);
#3898 = CARTESIAN_POINT('',(91.,75.,82.));
#3899 = DIRECTION('',(0.,2.2E-16,1.));
#3900 = DIRECTION('',(0.,1.,-2.2E-16));
#3901 = ORIENTED_EDGE('',*,*,#3902,.T.);
#3902 = EDGE_CURVE('',#3894,#3903,#3905,.T.);
#3903 = VERTEX_POINT('',#3904);
#3904 = CARTESIAN_POINT('',(85.,76.,82.));
#3905 = LINE('',#3906,#3907);
#3906 = CARTESIAN_POINT('',(92.,76.,82.));
#3907 = VECTOR('',#3908,1.);
#3908 = DIRECTION('',(-1.,0.,0.));
#3909 = ORIENTED_EDGE('',*,*,#3910,.F.);
#3910 = EDGE_CURVE('',#2704,#3903,#3911,.T.);
#3911 = CIRCLE('',#3912,1.);
#3912 = AXIS2_PLACEMENT_3D('',#3913,#3914,#3915);
#3913 = CARTESIAN_POINT('',(85.,75.,82.));
#3914 = DIRECTION('',(-0.,-2.2E-16,-1.));
#3915 = DIRECTION('',(0.,-1.,2.2E-16));
#3916 = ORIENTED_EDGE('',*,*,#2703,.T.);
#3917 = ORIENTED_EDGE('',*,*,#3314,.F.);
#3918 = ORIENTED_EDGE('',*,*,#3355,.F.);
#3919 = ORIENTED_EDGE('',*,*,#3396,.F.);
#3920 = ORIENTED_EDGE('',*,*,#3437,.F.);
#3921 = ORIENTED_EDGE('',*,*,#3466,.F.);
#3922 = PLANE('',#3923);
#3923 = AXIS2_PLACEMENT_3D('',#3924,#3925,#3926);
#3924 = CARTESIAN_POINT('',(88.,40.,82.));
#3925 = DIRECTION('',(0.,0.,1.));
#3926 = DIRECTION('',(1.,0.,0.));
#3927 = ADVANCED_FACE('',(#3928),#3939,.T.);
#3928 = FACE_BOUND('',#3929,.F.);
#3929 = EDGE_LOOP('',(#3930,#3931,#3937,#3938));
#3930 = ORIENTED_EDGE('',*,*,#2923,.T.);
#3931 = ORIENTED_EDGE('',*,*,#3932,.T.);
#3932 = EDGE_CURVE('',#2900,#3903,#3933,.T.);
#3933 = LINE('',#3934,#3935);
#3934 = CARTESIAN_POINT('',(85.,76.,60.));
#3935 = VECTOR('',#3936,1.);
#3936 = DIRECTION('',(0.,2.2E-16,1.));
#3937 = ORIENTED_EDGE('',*,*,#3910,.F.);
#3938 = ORIENTED_EDGE('',*,*,#2729,.F.);
#3939 = CYLINDRICAL_SURFACE('',#3940,1.);
#3940 = AXIS2_PLACEMENT_3D('',#3941,#3942,#3943);
#3941 = CARTESIAN_POINT('',(85.,75.,60.));
#3942 = DIRECTION('',(0.,2.2E-16,1.));
#3943 = DIRECTION('',(-1.,0.,0.));
#3944 = ADVANCED_FACE('',(#3945),#3956,.T.);
#3945 = FACE_BOUND('',#3946,.F.);
#3946 = EDGE_LOOP('',(#3947,#3948,#3954,#3955));
#3947 = ORIENTED_EDGE('',*,*,#3893,.T.);
#3948 = ORIENTED_EDGE('',*,*,#3949,.T.);
#3949 = EDGE_CURVE('',#3894,#2874,#3950,.T.);
#3950 = LINE('',#3951,#3952);
#3951 = CARTESIAN_POINT('',(91.,76.,82.));
#3952 = VECTOR('',#3953,1.);
#3953 = DIRECTION('',(0.,-2.2E-16,-1.));
#3954 = ORIENTED_EDGE('',*,*,#2881,.F.);
#3955 = ORIENTED_EDGE('',*,*,#2858,.F.);
#3956 = CYLINDRICAL_SURFACE('',#3957,1.);
#3957 = AXIS2_PLACEMENT_3D('',#3958,#3959,#3960);
#3958 = CARTESIAN_POINT('',(91.,75.,82.));
#3959 = DIRECTION('',(0.,-2.2E-16,-1.));
#3960 = DIRECTION('',(1.,0.,0.));
#3961 = ADVANCED_FACE('',(#3962),#3968,.T.);
#3962 = FACE_BOUND('',#3963,.T.);
#3963 = EDGE_LOOP('',(#3964,#3965,#3966,#3967));
#3964 = ORIENTED_EDGE('',*,*,#3902,.F.);
#3965 = ORIENTED_EDGE('',*,*,#3949,.T.);
#3966 = ORIENTED_EDGE('',*,*,#2899,.T.);
#3967 = ORIENTED_EDGE('',*,*,#3932,.T.);
#3968 = PLANE('',#3969);
#3969 = AXIS2_PLACEMENT_3D('',#3970,#3971,#3972);
#3970 = CARTESIAN_POINT('',(88.,76.,71.));
#3971 = DIRECTION('',(0.,1.,0.));
#3972 = DIRECTION('',(0.,0.,1.));
#3973 = ADVANCED_FACE('',(#3974),#3980,.T.);
#3974 = FACE_BOUND('',#3975,.F.);
#3975 = EDGE_LOOP('',(#3976,#3977,#3978,#3979));
#3976 = ORIENTED_EDGE('',*,*,#3548,.F.);
#3977 = ORIENTED_EDGE('',*,*,#3620,.T.);
#3978 = ORIENTED_EDGE('',*,*,#3596,.F.);
#3979 = ORIENTED_EDGE('',*,*,#3572,.F.);
#3980 = PLANE('',#3981);
#3981 = AXIS2_PLACEMENT_3D('',#3982,#3983,#3984);
#3982 = CARTESIAN_POINT('',(36.,40.,39.));
#3983 = DIRECTION('',(0.,0.,1.));
#3984 = DIRECTION('',(1.,0.,0.));
#3985 = ADVANCED_FACE('',(#3986),#3992,.T.);
#3986 = FACE_BOUND('',#3987,.T.);
#3987 = EDGE_LOOP('',(#3988,#3989,#3990,#3991));
#3988 = ORIENTED_EDGE('',*,*,#3644,.T.);
#3989 = ORIENTED_EDGE('',*,*,#3668,.T.);
#3990 = ORIENTED_EDGE('',*,*,#3692,.T.);
#3991 = ORIENTED_EDGE('',*,*,#3716,.F.);
#3992 = PLANE('',#3993);
#3993 = AXIS2_PLACEMENT_3D('',#3994,#3995,#3996);
#3994 = CARTESIAN_POINT('',(36.,40.,39.));
#3995 = DIRECTION('',(0.,0.,1.));
#3996 = DIRECTION('',(1.,0.,0.));
#3997 = ADVANCED_FACE('',(#3998),#4014,.F.);
#3998 = FACE_BOUND('',#3999,.F.);
#3999 = EDGE_LOOP('',(#4000,#4001,#4007,#4008));
#4000 = ORIENTED_EDGE('',*,*,#3732,.F.);
#4001 = ORIENTED_EDGE('',*,*,#4002,.T.);
#4002 = EDGE_CURVE('',#3733,#3846,#4003,.T.);
#4003 = LINE('',#4004,#4005);
#4004 = CARTESIAN_POINT('',(128.,32.1,11.));
#4005 = VECTOR('',#4006,1.);
#4006 = DIRECTION('',(-1.,1.1E-16,-1.1E-16));
#4007 = ORIENTED_EDGE('',*,*,#3853,.T.);
#4008 = ORIENTED_EDGE('',*,*,#4009,.F.);
#4009 = EDGE_CURVE('',#3735,#3854,#4010,.T.);
#4010 = LINE('',#4011,#4012);
#4011 = CARTESIAN_POINT('',(112.2,32.1,6.));
#4012 = VECTOR('',#4013,1.);
#4013 = DIRECTION('',(-1.,0.,0.));
#4014 = PLANE('',#4015);
#4015 = AXIS2_PLACEMENT_3D('',#4016,#4017,#4018);
#4016 = CARTESIAN_POINT('',(128.,32.1,11.));
#4017 = DIRECTION('',(-1.1E-16,-1.,-2.2E-16));
#4018 = DIRECTION('',(2.2E-16,2.2E-16,-1.));
#4019 = ADVANCED_FACE('',(#4020),#4026,.F.);
#4020 = FACE_BOUND('',#4021,.F.);
#4021 = EDGE_LOOP('',(#4022,#4023,#4024,#4025));
#4022 = ORIENTED_EDGE('',*,*,#3742,.T.);
#4023 = ORIENTED_EDGE('',*,*,#3829,.T.);
#4024 = ORIENTED_EDGE('',*,*,#3845,.T.);
#4025 = ORIENTED_EDGE('',*,*,#4002,.F.);
#4026 = PLANE('',#4027);
#4027 = AXIS2_PLACEMENT_3D('',#4028,#4029,#4030);
#4028 = CARTESIAN_POINT('',(128.,30.1,11.));
#4029 = DIRECTION('',(1.1E-16,2.2E-16,-1.));
#4030 = DIRECTION('',(4.4E-16,1.,2.2E-16));
#4031 = ADVANCED_FACE('',(#4032),#4043,.T.);
#4032 = FACE_BOUND('',#4033,.T.);
#4033 = EDGE_LOOP('',(#4034,#4035,#4036,#4037));
#4034 = ORIENTED_EDGE('',*,*,#3765,.F.);
#4035 = ORIENTED_EDGE('',*,*,#3805,.T.);
#4036 = ORIENTED_EDGE('',*,*,#3877,.T.);
#4037 = ORIENTED_EDGE('',*,*,#4038,.F.);
#4038 = EDGE_CURVE('',#3766,#3870,#4039,.T.);
#4039 = LINE('',#4040,#4041);
#4040 = CARTESIAN_POINT('',(128.,47.9,11.));
#4041 = VECTOR('',#4042,1.);
#4042 = DIRECTION('',(-1.,1.1E-16,-1.1E-16));
#4043 = PLANE('',#4044);
#4044 = AXIS2_PLACEMENT_3D('',#4045,#4046,#4047);
#4045 = CARTESIAN_POINT('',(128.,49.9,11.));
#4046 = DIRECTION('',(-1.1E-16,-2.2E-16,1.));
#4047 = DIRECTION('',(-4.4E-16,-1.,-2.2E-16));
#4048 = ADVANCED_FACE('',(#4049),#4060,.F.);
#4049 = FACE_BOUND('',#4050,.F.);
#4050 = EDGE_LOOP('',(#4051,#4052,#4053,#4059));
#4051 = ORIENTED_EDGE('',*,*,#4038,.F.);
#4052 = ORIENTED_EDGE('',*,*,#3773,.T.);
#4053 = ORIENTED_EDGE('',*,*,#4054,.T.);
#4054 = EDGE_CURVE('',#3774,#3862,#4055,.T.);
#4055 = LINE('',#4056,#4057);
#4056 = CARTESIAN_POINT('',(112.2,47.9,6.));
#4057 = VECTOR('',#4058,1.);
#4058 = DIRECTION('',(-1.,0.,0.));
#4059 = ORIENTED_EDGE('',*,*,#3869,.T.);
#4060 = PLANE('',#4061);
#4061 = AXIS2_PLACEMENT_3D('',#4062,#4063,#4064);
#4062 = CARTESIAN_POINT('',(128.,47.9,4.));
#4063 = DIRECTION('',(1.1E-16,1.,2.2E-16));
#4064 = DIRECTION('',(-2.2E-16,-2.2E-16,1.));
#4065 = ADVANCED_FACE('',(#4066),#4072,.T.);
#4066 = FACE_BOUND('',#4067,.T.);
#4067 = EDGE_LOOP('',(#4068,#4069,#4070,#4071));
#4068 = ORIENTED_EDGE('',*,*,#3781,.T.);
#4069 = ORIENTED_EDGE('',*,*,#4054,.T.);
#4070 = ORIENTED_EDGE('',*,*,#3861,.F.);
#4071 = ORIENTED_EDGE('',*,*,#4009,.F.);
#4072 = PLANE('',#4073);
#4073 = AXIS2_PLACEMENT_3D('',#4074,#4075,#4076);
#4074 = CARTESIAN_POINT('',(112.2,32.1,6.));
#4075 = DIRECTION('',(0.,2.2E-16,1.));
#4076 = DIRECTION('',(-1.,0.,0.));
#4077 = ( GEOMETRIC_REPRESENTATION_CONTEXT(3) 
GLOBAL_UNCERTAINTY_ASSIGNED_CONTEXT((#4081)) 
GLOBAL_UNIT_ASSIGNED_CONTEXT((#4078,#4079,#4080)) REPRESENTATION_CONTEXT
('Context #1','3D Context with UNIT and UNCERTAINTY') );
#4078 = ( LENGTH_UNIT() NAMED_UNIT(*) SI_UNIT(.MILLI.,.METRE.) );
#4079 = ( NAMED_UNIT(*) PLANE_ANGLE_UNIT() SI_UNIT($,.RADIAN.) );
#4080 = ( NAMED_UNIT(*) SI_UNIT($,.STERADIAN.) SOLID_ANGLE_UNIT() );
#4081 = UNCERTAINTY_MEASURE_WITH_UNIT(LENGTH_MEASURE(1.E-04),#4078,
  'distance_accuracy_value','confusion accuracy');
#4082 = CONTEXT_DEPENDENT_SHAPE_REPRESENTATION(#4083,#4085);
#4083 = ( REPRESENTATION_RELATIONSHIP('','',#36,#10) 
REPRESENTATION_RELATIONSHIP_WITH_TRANSFORMATION(#4084) 
SHAPE_REPRESENTATION_RELATIONSHIP() );
#4084 = ITEM_DEFINED_TRANSFORMATION('','',#11,#15);
#4085 = PRODUCT_DEFINITION_SHAPE('Placement','Placement of an item',
  #4086);
#4086 = NEXT_ASSEMBLY_USAGE_OCCURRENCE('1','Main body','',#5,#31,$);
#4087 = PRODUCT_RELATED_PRODUCT_CATEGORY('part',$,(#33));
#4088 = SHAPE_DEFINITION_REPRESENTATION(#4089,#4095);
#4089 = PRODUCT_DEFINITION_SHAPE('','',#4090);
#4090 = PRODUCT_DEFINITION('design','',#4091,#4094);
#4091 = PRODUCT_DEFINITION_FORMATION('','',#4092);
#4092 = PRODUCT('Top','Top','',(#4093));
#4093 = PRODUCT_CONTEXT('',#2,'mechanical');
#4094 = PRODUCT_DEFINITION_CONTEXT('part definition',#2,'design');
#4095 = ADVANCED_BREP_SHAPE_REPRESENTATION('',(#11,#4096),#6266);
#4096 = MANIFOLD_SOLID_BREP('',#4097);
#4097 = CLOSED_SHELL('',(#4098,#4492,#4523,#4548,#4573,#4597,#4621,#4646
    ,#4671,#4688,#4713,#4738,#4769,#4793,#4817,#4834,#4865,#4889,#4913,
    #4930,#4961,#4985,#5009,#5026,#5059,#5085,#5111,#5136,#5161,#5187,
    #5213,#5230,#5255,#5286,#5310,#5334,#5351,#5382,#5406,#5430,#5447,
    #5478,#5502,#5526,#5543,#5568,#5664,#5684,#5704,#5735,#5760,#5785,
    #5809,#5833,#5858,#5883,#5900,#5920,#5940,#5957,#5974,#5991,#6008,
    #6058,#6089,#6113,#6137,#6154,#6187,#6212,#6237,#6254));
#4098 = ADVANCED_FACE('',(#4099,#4169,#4180,#4191,#4225,#4259,#4293,
    #4363,#4374,#4408,#4442,#4476),#4487,.F.);
#4099 = FACE_BOUND('',#4100,.F.);
#4100 = EDGE_LOOP('',(#4101,#4111,#4120,#4128,#4137,#4145,#4154,#4162));
#4101 = ORIENTED_EDGE('',*,*,#4102,.T.);
#4102 = EDGE_CURVE('',#4103,#4105,#4107,.T.);
#4103 = VERTEX_POINT('',#4104);
#4104 = CARTESIAN_POINT('',(4.,-192.89,0.));
#4105 = VERTEX_POINT('',#4106);
#4106 = CARTESIAN_POINT('',(132.,-192.89,0.));
#4107 = LINE('',#4108,#4109);
#4108 = CARTESIAN_POINT('',(4.,-192.89,0.));
#4109 = VECTOR('',#4110,1.);
#4110 = DIRECTION('',(1.,0.,0.));
#4111 = ORIENTED_EDGE('',*,*,#4112,.T.);
#4112 = EDGE_CURVE('',#4105,#4113,#4115,.T.);
#4113 = VERTEX_POINT('',#4114);
#4114 = CARTESIAN_POINT('',(136.,-188.89,0.));
#4115 = CIRCLE('',#4116,4.);
#4116 = AXIS2_PLACEMENT_3D('',#4117,#4118,#4119);
#4117 = CARTESIAN_POINT('',(132.,-188.89,0.));
#4118 = DIRECTION('',(0.,0.,1.));
#4119 = DIRECTION('',(1.,0.,0.));
#4120 = ORIENTED_EDGE('',*,*,#4121,.T.);
#4121 = EDGE_CURVE('',#4113,#4122,#4124,.T.);
#4122 = VERTEX_POINT('',#4123);
#4123 = CARTESIAN_POINT('',(136.,-108.89,0.));
#4124 = LINE('',#4125,#4126);
#4125 = CARTESIAN_POINT('',(136.,-188.89,0.));
#4126 = VECTOR('',#4127,1.);
#4127 = DIRECTION('',(0.,1.,0.));
#4128 = ORIENTED_EDGE('',*,*,#4129,.T.);
#4129 = EDGE_CURVE('',#4122,#4130,#4132,.T.);
#4130 = VERTEX_POINT('',#4131);
#4131 = CARTESIAN_POINT('',(132.,-104.89,0.));
#4132 = CIRCLE('',#4133,4.);
#4133 = AXIS2_PLACEMENT_3D('',#4134,#4135,#4136);
#4134 = CARTESIAN_POINT('',(132.,-108.89,0.));
#4135 = DIRECTION('',(0.,0.,1.));
#4136 = DIRECTION('',(1.,0.,0.));
#4137 = ORIENTED_EDGE('',*,*,#4138,.T.);
#4138 = EDGE_CURVE('',#4130,#4139,#4141,.T.);
#4139 = VERTEX_POINT('',#4140);
#4140 = CARTESIAN_POINT('',(4.,-104.89,0.));
#4141 = LINE('',#4142,#4143);
#4142 = CARTESIAN_POINT('',(132.,-104.89,0.));
#4143 = VECTOR('',#4144,1.);
#4144 = DIRECTION('',(-1.,0.,0.));
#4145 = ORIENTED_EDGE('',*,*,#4146,.T.);
#4146 = EDGE_CURVE('',#4139,#4147,#4149,.T.);
#4147 = VERTEX_POINT('',#4148);
#4148 = CARTESIAN_POINT('',(0.,-108.89,0.));
#4149 = CIRCLE('',#4150,4.);
#4150 = AXIS2_PLACEMENT_3D('',#4151,#4152,#4153);
#4151 = CARTESIAN_POINT('',(4.,-108.89,0.));
#4152 = DIRECTION('',(0.,0.,1.));
#4153 = DIRECTION('',(1.,0.,0.));
#4154 = ORIENTED_EDGE('',*,*,#4155,.T.);
#4155 = EDGE_CURVE('',#4147,#4156,#4158,.T.);
#4156 = VERTEX_POINT('',#4157);
#4157 = CARTESIAN_POINT('',(0.,-188.89,0.));
#4158 = LINE('',#4159,#4160);
#4159 = CARTESIAN_POINT('',(0.,-108.89,0.));
#4160 = VECTOR('',#4161,1.);
#4161 = DIRECTION('',(0.,-1.,0.));
#4162 = ORIENTED_EDGE('',*,*,#4163,.T.);
#4163 = EDGE_CURVE('',#4156,#4103,#4164,.T.);
#4164 = CIRCLE('',#4165,4.);
#4165 = AXIS2_PLACEMENT_3D('',#4166,#4167,#4168);
#4166 = CARTESIAN_POINT('',(4.,-188.89,0.));
#4167 = DIRECTION('',(0.,0.,1.));
#4168 = DIRECTION('',(1.,0.,0.));
#4169 = FACE_BOUND('',#4170,.F.);
#4170 = EDGE_LOOP('',(#4171));
#4171 = ORIENTED_EDGE('',*,*,#4172,.F.);
#4172 = EDGE_CURVE('',#4173,#4173,#4175,.T.);
#4173 = VERTEX_POINT('',#4174);
#4174 = CARTESIAN_POINT('',(5.4,-188.89,0.));
#4175 = CIRCLE('',#4176,1.4);
#4176 = AXIS2_PLACEMENT_3D('',#4177,#4178,#4179);
#4177 = CARTESIAN_POINT('',(4.,-188.89,0.));
#4178 = DIRECTION('',(0.,0.,1.));
#4179 = DIRECTION('',(1.,0.,0.));
#4180 = FACE_BOUND('',#4181,.F.);
#4181 = EDGE_LOOP('',(#4182));
#4182 = ORIENTED_EDGE('',*,*,#4183,.F.);
#4183 = EDGE_CURVE('',#4184,#4184,#4186,.T.);
#4184 = VERTEX_POINT('',#4185);
#4185 = CARTESIAN_POINT('',(133.4,-188.89,0.));
#4186 = CIRCLE('',#4187,1.4);
#4187 = AXIS2_PLACEMENT_3D('',#4188,#4189,#4190);
#4188 = CARTESIAN_POINT('',(132.,-188.89,0.));
#4189 = DIRECTION('',(0.,0.,1.));
#4190 = DIRECTION('',(1.,0.,0.));
#4191 = FACE_BOUND('',#4192,.F.);
#4192 = EDGE_LOOP('',(#4193,#4203,#4211,#4219));
#4193 = ORIENTED_EDGE('',*,*,#4194,.T.);
#4194 = EDGE_CURVE('',#4195,#4197,#4199,.T.);
#4195 = VERTEX_POINT('',#4196);
#4196 = CARTESIAN_POINT('',(78.,-161.89,0.));
#4197 = VERTEX_POINT('',#4198);
#4198 = CARTESIAN_POINT('',(78.,-159.89,0.));
#4199 = LINE('',#4200,#4201);
#4200 = CARTESIAN_POINT('',(78.,-161.89,0.));
#4201 = VECTOR('',#4202,1.);
#4202 = DIRECTION('',(0.,1.,0.));
#4203 = ORIENTED_EDGE('',*,*,#4204,.T.);
#4204 = EDGE_CURVE('',#4197,#4205,#4207,.T.);
#4205 = VERTEX_POINT('',#4206);
#4206 = CARTESIAN_POINT('',(98.,-159.89,0.));
#4207 = LINE('',#4208,#4209);
#4208 = CARTESIAN_POINT('',(78.,-159.89,0.));
#4209 = VECTOR('',#4210,1.);
#4210 = DIRECTION('',(1.,0.,0.));
#4211 = ORIENTED_EDGE('',*,*,#4212,.T.);
#4212 = EDGE_CURVE('',#4205,#4213,#4215,.T.);
#4213 = VERTEX_POINT('',#4214);
#4214 = CARTESIAN_POINT('',(98.,-161.89,0.));
#4215 = LINE('',#4216,#4217);
#4216 = CARTESIAN_POINT('',(98.,-159.89,0.));
#4217 = VECTOR('',#4218,1.);
#4218 = DIRECTION('',(0.,-1.,0.));
#4219 = ORIENTED_EDGE('',*,*,#4220,.T.);
#4220 = EDGE_CURVE('',#4213,#4195,#4221,.T.);
#4221 = LINE('',#4222,#4223);
#4222 = CARTESIAN_POINT('',(98.,-161.89,0.));
#4223 = VECTOR('',#4224,1.);
#4224 = DIRECTION('',(-1.,0.,0.));
#4225 = FACE_BOUND('',#4226,.F.);
#4226 = EDGE_LOOP('',(#4227,#4237,#4245,#4253));
#4227 = ORIENTED_EDGE('',*,*,#4228,.T.);
#4228 = EDGE_CURVE('',#4229,#4231,#4233,.T.);
#4229 = VERTEX_POINT('',#4230);
#4230 = CARTESIAN_POINT('',(78.,-157.89,0.));
#4231 = VERTEX_POINT('',#4232);
#4232 = CARTESIAN_POINT('',(78.,-155.89,0.));
#4233 = LINE('',#4234,#4235);
#4234 = CARTESIAN_POINT('',(78.,-157.89,0.));
#4235 = VECTOR('',#4236,1.);
#4236 = DIRECTION('',(0.,1.,0.));
#4237 = ORIENTED_EDGE('',*,*,#4238,.T.);
#4238 = EDGE_CURVE('',#4231,#4239,#4241,.T.);
#4239 = VERTEX_POINT('',#4240);
#4240 = CARTESIAN_POINT('',(98.,-155.89,0.));
#4241 = LINE('',#4242,#4243);
#4242 = CARTESIAN_POINT('',(78.,-155.89,0.));
#4243 = VECTOR('',#4244,1.);
#4244 = DIRECTION('',(1.,0.,0.));
#4245 = ORIENTED_EDGE('',*,*,#4246,.T.);
#4246 = EDGE_CURVE('',#4239,#4247,#4249,.T.);
#4247 = VERTEX_POINT('',#4248);
#4248 = CARTESIAN_POINT('',(98.,-157.89,0.));
#4249 = LINE('',#4250,#4251);
#4250 = CARTESIAN_POINT('',(98.,-155.89,0.));
#4251 = VECTOR('',#4252,1.);
#4252 = DIRECTION('',(0.,-1.,0.));
#4253 = ORIENTED_EDGE('',*,*,#4254,.T.);
#4254 = EDGE_CURVE('',#4247,#4229,#4255,.T.);
#4255 = LINE('',#4256,#4257);
#4256 = CARTESIAN_POINT('',(98.,-157.89,0.));
#4257 = VECTOR('',#4258,1.);
#4258 = DIRECTION('',(-1.,0.,0.));
#4259 = FACE_BOUND('',#4260,.F.);
#4260 = EDGE_LOOP('',(#4261,#4271,#4279,#4287));
#4261 = ORIENTED_EDGE('',*,*,#4262,.T.);
#4262 = EDGE_CURVE('',#4263,#4265,#4267,.T.);
#4263 = VERTEX_POINT('',#4264);
#4264 = CARTESIAN_POINT('',(78.,-153.89,0.));
#4265 = VERTEX_POINT('',#4266);
#4266 = CARTESIAN_POINT('',(78.,-151.89,0.));
#4267 = LINE('',#4268,#4269);
#4268 = CARTESIAN_POINT('',(78.,-153.89,0.));
#4269 = VECTOR('',#4270,1.);
#4270 = DIRECTION('',(0.,1.,0.));
#4271 = ORIENTED_EDGE('',*,*,#4272,.T.);
#4272 = EDGE_CURVE('',#4265,#4273,#4275,.T.);
#4273 = VERTEX_POINT('',#4274);
#4274 = CARTESIAN_POINT('',(98.,-151.89,0.));
#4275 = LINE('',#4276,#4277);
#4276 = CARTESIAN_POINT('',(78.,-151.89,0.));
#4277 = VECTOR('',#4278,1.);
#4278 = DIRECTION('',(1.,0.,0.));
#4279 = ORIENTED_EDGE('',*,*,#4280,.T.);
#4280 = EDGE_CURVE('',#4273,#4281,#4283,.T.);
#4281 = VERTEX_POINT('',#4282);
#4282 = CARTESIAN_POINT('',(98.,-153.89,0.));
#4283 = LINE('',#4284,#4285);
#4284 = CARTESIAN_POINT('',(98.,-151.89,0.));
#4285 = VECTOR('',#4286,1.);
#4286 = DIRECTION('',(0.,-1.,0.));
#4287 = ORIENTED_EDGE('',*,*,#4288,.T.);
#4288 = EDGE_CURVE('',#4281,#4263,#4289,.T.);
#4289 = LINE('',#4290,#4291);
#4290 = CARTESIAN_POINT('',(98.,-153.89,0.));
#4291 = VECTOR('',#4292,1.);
#4292 = DIRECTION('',(-1.,0.,0.));
#4293 = FACE_BOUND('',#4294,.F.);
#4294 = EDGE_LOOP('',(#4295,#4305,#4314,#4322,#4331,#4339,#4348,#4356));
#4295 = ORIENTED_EDGE('',*,*,#4296,.T.);
#4296 = EDGE_CURVE('',#4297,#4299,#4301,.T.);
#4297 = VERTEX_POINT('',#4298);
#4298 = CARTESIAN_POINT('',(49.,-144.89,0.));
#4299 = VERTEX_POINT('',#4300);
#4300 = CARTESIAN_POINT('',(49.,-152.89,0.));
#4301 = LINE('',#4302,#4303);
#4302 = CARTESIAN_POINT('',(49.,-144.89,4.4E-16));
#4303 = VECTOR('',#4304,1.);
#4304 = DIRECTION('',(0.,-1.,0.));
#4305 = ORIENTED_EDGE('',*,*,#4306,.T.);
#4306 = EDGE_CURVE('',#4299,#4307,#4309,.T.);
#4307 = VERTEX_POINT('',#4308);
#4308 = CARTESIAN_POINT('',(43.,-158.89,0.));
#4309 = CIRCLE('',#4310,6.);
#4310 = AXIS2_PLACEMENT_3D('',#4311,#4312,#4313);
#4311 = CARTESIAN_POINT('',(43.,-152.89,0.));
#4312 = DIRECTION('',(0.,0.,-1.));
#4313 = DIRECTION('',(1.,0.,0.));
#4314 = ORIENTED_EDGE('',*,*,#4315,.T.);
#4315 = EDGE_CURVE('',#4307,#4316,#4318,.T.);
#4316 = VERTEX_POINT('',#4317);
#4317 = CARTESIAN_POINT('',(35.,-158.89,0.));
#4318 = LINE('',#4319,#4320);
#4319 = CARTESIAN_POINT('',(43.,-158.89,4.4E-16));
#4320 = VECTOR('',#4321,1.);
#4321 = DIRECTION('',(-1.,0.,0.));
#4322 = ORIENTED_EDGE('',*,*,#4323,.T.);
#4323 = EDGE_CURVE('',#4316,#4324,#4326,.T.);
#4324 = VERTEX_POINT('',#4325);
#4325 = CARTESIAN_POINT('',(29.,-152.89,0.));
#4326 = CIRCLE('',#4327,6.);
#4327 = AXIS2_PLACEMENT_3D('',#4328,#4329,#4330);
#4328 = CARTESIAN_POINT('',(35.,-152.89,0.));
#4329 = DIRECTION('',(-0.,-0.,-1.));
#4330 = DIRECTION('',(0.,-1.,0.));
#4331 = ORIENTED_EDGE('',*,*,#4332,.T.);
#4332 = EDGE_CURVE('',#4324,#4333,#4335,.T.);
#4333 = VERTEX_POINT('',#4334);
#4334 = CARTESIAN_POINT('',(29.,-144.89,0.));
#4335 = LINE('',#4336,#4337);
#4336 = CARTESIAN_POINT('',(29.,-152.89,4.4E-16));
#4337 = VECTOR('',#4338,1.);
#4338 = DIRECTION('',(0.,1.,0.));
#4339 = ORIENTED_EDGE('',*,*,#4340,.T.);
#4340 = EDGE_CURVE('',#4333,#4341,#4343,.T.);
#4341 = VERTEX_POINT('',#4342);
#4342 = CARTESIAN_POINT('',(35.,-138.89,0.));
#4343 = CIRCLE('',#4344,6.);
#4344 = AXIS2_PLACEMENT_3D('',#4345,#4346,#4347);
#4345 = CARTESIAN_POINT('',(35.,-144.89,0.));
#4346 = DIRECTION('',(0.,0.,-1.));
#4347 = DIRECTION('',(-1.,0.,0.));
#4348 = ORIENTED_EDGE('',*,*,#4349,.T.);
#4349 = EDGE_CURVE('',#4341,#4350,#4352,.T.);
#4350 = VERTEX_POINT('',#4351);
#4351 = CARTESIAN_POINT('',(43.,-138.89,0.));
#4352 = LINE('',#4353,#4354);
#4353 = CARTESIAN_POINT('',(35.,-138.89,4.4E-16));
#4354 = VECTOR('',#4355,1.);
#4355 = DIRECTION('',(1.,0.,0.));
#4356 = ORIENTED_EDGE('',*,*,#4357,.T.);
#4357 = EDGE_CURVE('',#4350,#4297,#4358,.T.);
#4358 = CIRCLE('',#4359,6.);
#4359 = AXIS2_PLACEMENT_3D('',#4360,#4361,#4362);
#4360 = CARTESIAN_POINT('',(43.,-144.89,0.));
#4361 = DIRECTION('',(0.,0.,-1.));
#4362 = DIRECTION('',(0.,1.,0.));
#4363 = FACE_BOUND('',#4364,.F.);
#4364 = EDGE_LOOP('',(#4365));
#4365 = ORIENTED_EDGE('',*,*,#4366,.F.);
#4366 = EDGE_CURVE('',#4367,#4367,#4369,.T.);
#4367 = VERTEX_POINT('',#4368);
#4368 = CARTESIAN_POINT('',(5.4,-108.89,0.));
#4369 = CIRCLE('',#4370,1.4);
#4370 = AXIS2_PLACEMENT_3D('',#4371,#4372,#4373);
#4371 = CARTESIAN_POINT('',(4.,-108.89,0.));
#4372 = DIRECTION('',(0.,0.,1.));
#4373 = DIRECTION('',(1.,0.,0.));
#4374 = FACE_BOUND('',#4375,.F.);
#4375 = EDGE_LOOP('',(#4376,#4386,#4394,#4402));
#4376 = ORIENTED_EDGE('',*,*,#4377,.T.);
#4377 = EDGE_CURVE('',#4378,#4380,#4382,.T.);
#4378 = VERTEX_POINT('',#4379);
#4379 = CARTESIAN_POINT('',(78.,-149.89,0.));
#4380 = VERTEX_POINT('',#4381);
#4381 = CARTESIAN_POINT('',(78.,-147.89,0.));
#4382 = LINE('',#4383,#4384);
#4383 = CARTESIAN_POINT('',(78.,-149.89,0.));
#4384 = VECTOR('',#4385,1.);
#4385 = DIRECTION('',(0.,1.,0.));
#4386 = ORIENTED_EDGE('',*,*,#4387,.T.);
#4387 = EDGE_CURVE('',#4380,#4388,#4390,.T.);
#4388 = VERTEX_POINT('',#4389);
#4389 = CARTESIAN_POINT('',(98.,-147.89,0.));
#4390 = LINE('',#4391,#4392);
#4391 = CARTESIAN_POINT('',(78.,-147.89,0.));
#4392 = VECTOR('',#4393,1.);
#4393 = DIRECTION('',(1.,0.,0.));
#4394 = ORIENTED_EDGE('',*,*,#4395,.T.);
#4395 = EDGE_CURVE('',#4388,#4396,#4398,.T.);
#4396 = VERTEX_POINT('',#4397);
#4397 = CARTESIAN_POINT('',(98.,-149.89,0.));
#4398 = LINE('',#4399,#4400);
#4399 = CARTESIAN_POINT('',(98.,-147.89,0.));
#4400 = VECTOR('',#4401,1.);
#4401 = DIRECTION('',(0.,-1.,0.));
#4402 = ORIENTED_EDGE('',*,*,#4403,.T.);
#4403 = EDGE_CURVE('',#4396,#4378,#4404,.T.);
#4404 = LINE('',#4405,#4406);
#4405 = CARTESIAN_POINT('',(98.,-149.89,0.));
#4406 = VECTOR('',#4407,1.);
#4407 = DIRECTION('',(-1.,0.,0.));
#4408 = FACE_BOUND('',#4409,.F.);
#4409 = EDGE_LOOP('',(#4410,#4420,#4428,#4436));
#4410 = ORIENTED_EDGE('',*,*,#4411,.T.);
#4411 = EDGE_CURVE('',#4412,#4414,#4416,.T.);
#4412 = VERTEX_POINT('',#4413);
#4413 = CARTESIAN_POINT('',(78.,-145.89,0.));
#4414 = VERTEX_POINT('',#4415);
#4415 = CARTESIAN_POINT('',(78.,-143.89,0.));
#4416 = LINE('',#4417,#4418);
#4417 = CARTESIAN_POINT('',(78.,-145.89,0.));
#4418 = VECTOR('',#4419,1.);
#4419 = DIRECTION('',(0.,1.,0.));
#4420 = ORIENTED_EDGE('',*,*,#4421,.T.);
#4421 = EDGE_CURVE('',#4414,#4422,#4424,.T.);
#4422 = VERTEX_POINT('',#4423);
#4423 = CARTESIAN_POINT('',(98.,-143.89,0.));
#4424 = LINE('',#4425,#4426);
#4425 = CARTESIAN_POINT('',(78.,-143.89,0.));
#4426 = VECTOR('',#4427,1.);
#4427 = DIRECTION('',(1.,0.,0.));
#4428 = ORIENTED_EDGE('',*,*,#4429,.T.);
#4429 = EDGE_CURVE('',#4422,#4430,#4432,.T.);
#4430 = VERTEX_POINT('',#4431);
#4431 = CARTESIAN_POINT('',(98.,-145.89,0.));
#4432 = LINE('',#4433,#4434);
#4433 = CARTESIAN_POINT('',(98.,-143.89,0.));
#4434 = VECTOR('',#4435,1.);
#4435 = DIRECTION('',(0.,-1.,0.));
#4436 = ORIENTED_EDGE('',*,*,#4437,.T.);
#4437 = EDGE_CURVE('',#4430,#4412,#4438,.T.);
#4438 = LINE('',#4439,#4440);
#4439 = CARTESIAN_POINT('',(98.,-145.89,0.));
#4440 = VECTOR('',#4441,1.);
#4441 = DIRECTION('',(-1.,0.,0.));
#4442 = FACE_BOUND('',#4443,.F.);
#4443 = EDGE_LOOP('',(#4444,#4454,#4462,#4470));
#4444 = ORIENTED_EDGE('',*,*,#4445,.T.);
#4445 = EDGE_CURVE('',#4446,#4448,#4450,.T.);
#4446 = VERTEX_POINT('',#4447);
#4447 = CARTESIAN_POINT('',(78.,-141.89,0.));
#4448 = VERTEX_POINT('',#4449);
#4449 = CARTESIAN_POINT('',(78.,-139.89,0.));
#4450 = LINE('',#4451,#4452);
#4451 = CARTESIAN_POINT('',(78.,-141.89,0.));
#4452 = VECTOR('',#4453,1.);
#4453 = DIRECTION('',(0.,1.,0.));
#4454 = ORIENTED_EDGE('',*,*,#4455,.T.);
#4455 = EDGE_CURVE('',#4448,#4456,#4458,.T.);
#4456 = VERTEX_POINT('',#4457);
#4457 = CARTESIAN_POINT('',(98.,-139.89,0.));
#4458 = LINE('',#4459,#4460);
#4459 = CARTESIAN_POINT('',(78.,-139.89,0.));
#4460 = VECTOR('',#4461,1.);
#4461 = DIRECTION('',(1.,0.,0.));
#4462 = ORIENTED_EDGE('',*,*,#4463,.T.);
#4463 = EDGE_CURVE('',#4456,#4464,#4466,.T.);
#4464 = VERTEX_POINT('',#4465);
#4465 = CARTESIAN_POINT('',(98.,-141.89,0.));
#4466 = LINE('',#4467,#4468);
#4467 = CARTESIAN_POINT('',(98.,-139.89,0.));
#4468 = VECTOR('',#4469,1.);
#4469 = DIRECTION('',(0.,-1.,0.));
#4470 = ORIENTED_EDGE('',*,*,#4471,.T.);
#4471 = EDGE_CURVE('',#4464,#4446,#4472,.T.);
#4472 = LINE('',#4473,#4474);
#4473 = CARTESIAN_POINT('',(98.,-141.89,0.));
#4474 = VECTOR('',#4475,1.);
#4475 = DIRECTION('',(-1.,0.,0.));
#4476 = FACE_BOUND('',#4477,.F.);
#4477 = EDGE_LOOP('',(#4478));
#4478 = ORIENTED_EDGE('',*,*,#4479,.F.);
#4479 = EDGE_CURVE('',#4480,#4480,#4482,.T.);
#4480 = VERTEX_POINT('',#4481);
#4481 = CARTESIAN_POINT('',(133.4,-108.89,0.));
#4482 = CIRCLE('',#4483,1.4);
#4483 = AXIS2_PLACEMENT_3D('',#4484,#4485,#4486);
#4484 = CARTESIAN_POINT('',(132.,-108.89,0.));
#4485 = DIRECTION('',(0.,0.,1.));
#4486 = DIRECTION('',(1.,0.,0.));
#4487 = PLANE('',#4488);
#4488 = AXIS2_PLACEMENT_3D('',#4489,#4490,#4491);
#4489 = CARTESIAN_POINT('',(68.,-148.89,0.));
#4490 = DIRECTION('',(0.,0.,1.));
#4491 = DIRECTION('',(1.,0.,0.));
#4492 = ADVANCED_FACE('',(#4493),#4518,.F.);
#4493 = FACE_BOUND('',#4494,.F.);
#4494 = EDGE_LOOP('',(#4495,#4503,#4511,#4517));
#4495 = ORIENTED_EDGE('',*,*,#4496,.T.);
#4496 = EDGE_CURVE('',#4103,#4497,#4499,.T.);
#4497 = VERTEX_POINT('',#4498);
#4498 = CARTESIAN_POINT('',(4.,-192.89,4.));
#4499 = LINE('',#4500,#4501);
#4500 = CARTESIAN_POINT('',(4.,-192.89,0.));
#4501 = VECTOR('',#4502,1.);
#4502 = DIRECTION('',(0.,0.,1.));
#4503 = ORIENTED_EDGE('',*,*,#4504,.T.);
#4504 = EDGE_CURVE('',#4497,#4505,#4507,.T.);
#4505 = VERTEX_POINT('',#4506);
#4506 = CARTESIAN_POINT('',(132.,-192.89,4.));
#4507 = LINE('',#4508,#4509);
#4508 = CARTESIAN_POINT('',(4.,-192.89,4.));
#4509 = VECTOR('',#4510,1.);
#4510 = DIRECTION('',(1.,0.,0.));
#4511 = ORIENTED_EDGE('',*,*,#4512,.F.);
#4512 = EDGE_CURVE('',#4105,#4505,#4513,.T.);
#4513 = LINE('',#4514,#4515);
#4514 = CARTESIAN_POINT('',(132.,-192.89,0.));
#4515 = VECTOR('',#4516,1.);
#4516 = DIRECTION('',(0.,0.,1.));
#4517 = ORIENTED_EDGE('',*,*,#4102,.F.);
#4518 = PLANE('',#4519);
#4519 = AXIS2_PLACEMENT_3D('',#4520,#4521,#4522);
#4520 = CARTESIAN_POINT('',(4.,-192.89,0.));
#4521 = DIRECTION('',(0.,1.,0.));
#4522 = DIRECTION('',(1.,0.,0.));
#4523 = ADVANCED_FACE('',(#4524),#4543,.T.);
#4524 = FACE_BOUND('',#4525,.F.);
#4525 = EDGE_LOOP('',(#4526,#4534,#4541,#4542));
#4526 = ORIENTED_EDGE('',*,*,#4527,.T.);
#4527 = EDGE_CURVE('',#4156,#4528,#4530,.T.);
#4528 = VERTEX_POINT('',#4529);
#4529 = CARTESIAN_POINT('',(0.,-188.89,4.));
#4530 = LINE('',#4531,#4532);
#4531 = CARTESIAN_POINT('',(0.,-188.89,0.));
#4532 = VECTOR('',#4533,1.);
#4533 = DIRECTION('',(0.,0.,1.));
#4534 = ORIENTED_EDGE('',*,*,#4535,.T.);
#4535 = EDGE_CURVE('',#4528,#4497,#4536,.T.);
#4536 = CIRCLE('',#4537,4.);
#4537 = AXIS2_PLACEMENT_3D('',#4538,#4539,#4540);
#4538 = CARTESIAN_POINT('',(4.,-188.89,4.));
#4539 = DIRECTION('',(0.,0.,1.));
#4540 = DIRECTION('',(1.,0.,0.));
#4541 = ORIENTED_EDGE('',*,*,#4496,.F.);
#4542 = ORIENTED_EDGE('',*,*,#4163,.F.);
#4543 = CYLINDRICAL_SURFACE('',#4544,4.);
#4544 = AXIS2_PLACEMENT_3D('',#4545,#4546,#4547);
#4545 = CARTESIAN_POINT('',(4.,-188.89,0.));
#4546 = DIRECTION('',(-0.,-0.,-1.));
#4547 = DIRECTION('',(1.,0.,0.));
#4548 = ADVANCED_FACE('',(#4549),#4568,.T.);
#4549 = FACE_BOUND('',#4550,.F.);
#4550 = EDGE_LOOP('',(#4551,#4552,#4561,#4567));
#4551 = ORIENTED_EDGE('',*,*,#4512,.T.);
#4552 = ORIENTED_EDGE('',*,*,#4553,.T.);
#4553 = EDGE_CURVE('',#4505,#4554,#4556,.T.);
#4554 = VERTEX_POINT('',#4555);
#4555 = CARTESIAN_POINT('',(136.,-188.89,4.));
#4556 = CIRCLE('',#4557,4.);
#4557 = AXIS2_PLACEMENT_3D('',#4558,#4559,#4560);
#4558 = CARTESIAN_POINT('',(132.,-188.89,4.));
#4559 = DIRECTION('',(0.,0.,1.));
#4560 = DIRECTION('',(1.,0.,0.));
#4561 = ORIENTED_EDGE('',*,*,#4562,.F.);
#4562 = EDGE_CURVE('',#4113,#4554,#4563,.T.);
#4563 = LINE('',#4564,#4565);
#4564 = CARTESIAN_POINT('',(136.,-188.89,0.));
#4565 = VECTOR('',#4566,1.);
#4566 = DIRECTION('',(0.,0.,1.));
#4567 = ORIENTED_EDGE('',*,*,#4112,.F.);
#4568 = CYLINDRICAL_SURFACE('',#4569,4.);
#4569 = AXIS2_PLACEMENT_3D('',#4570,#4571,#4572);
#4570 = CARTESIAN_POINT('',(132.,-188.89,0.));
#4571 = DIRECTION('',(-0.,-0.,-1.));
#4572 = DIRECTION('',(1.,0.,0.));
#4573 = ADVANCED_FACE('',(#4574),#4592,.F.);
#4574 = FACE_BOUND('',#4575,.F.);
#4575 = EDGE_LOOP('',(#4576,#4584,#4590,#4591));
#4576 = ORIENTED_EDGE('',*,*,#4577,.T.);
#4577 = EDGE_CURVE('',#4147,#4578,#4580,.T.);
#4578 = VERTEX_POINT('',#4579);
#4579 = CARTESIAN_POINT('',(0.,-108.89,4.));
#4580 = LINE('',#4581,#4582);
#4581 = CARTESIAN_POINT('',(0.,-108.89,0.));
#4582 = VECTOR('',#4583,1.);
#4583 = DIRECTION('',(0.,0.,1.));
#4584 = ORIENTED_EDGE('',*,*,#4585,.T.);
#4585 = EDGE_CURVE('',#4578,#4528,#4586,.T.);
#4586 = LINE('',#4587,#4588);
#4587 = CARTESIAN_POINT('',(0.,-108.89,4.));
#4588 = VECTOR('',#4589,1.);
#4589 = DIRECTION('',(0.,-1.,0.));
#4590 = ORIENTED_EDGE('',*,*,#4527,.F.);
#4591 = ORIENTED_EDGE('',*,*,#4155,.F.);
#4592 = PLANE('',#4593);
#4593 = AXIS2_PLACEMENT_3D('',#4594,#4595,#4596);
#4594 = CARTESIAN_POINT('',(0.,-108.89,0.));
#4595 = DIRECTION('',(1.,0.,0.));
#4596 = DIRECTION('',(0.,-1.,0.));
#4597 = ADVANCED_FACE('',(#4598),#4616,.F.);
#4598 = FACE_BOUND('',#4599,.F.);
#4599 = EDGE_LOOP('',(#4600,#4601,#4609,#4615));
#4600 = ORIENTED_EDGE('',*,*,#4562,.T.);
#4601 = ORIENTED_EDGE('',*,*,#4602,.T.);
#4602 = EDGE_CURVE('',#4554,#4603,#4605,.T.);
#4603 = VERTEX_POINT('',#4604);
#4604 = CARTESIAN_POINT('',(136.,-108.89,4.));
#4605 = LINE('',#4606,#4607);
#4606 = CARTESIAN_POINT('',(136.,-188.89,4.));
#4607 = VECTOR('',#4608,1.);
#4608 = DIRECTION('',(0.,1.,0.));
#4609 = ORIENTED_EDGE('',*,*,#4610,.F.);
#4610 = EDGE_CURVE('',#4122,#4603,#4611,.T.);
#4611 = LINE('',#4612,#4613);
#4612 = CARTESIAN_POINT('',(136.,-108.89,0.));
#4613 = VECTOR('',#4614,1.);
#4614 = DIRECTION('',(0.,0.,1.));
#4615 = ORIENTED_EDGE('',*,*,#4121,.F.);
#4616 = PLANE('',#4617);
#4617 = AXIS2_PLACEMENT_3D('',#4618,#4619,#4620);
#4618 = CARTESIAN_POINT('',(136.,-188.89,0.));
#4619 = DIRECTION('',(-1.,0.,0.));
#4620 = DIRECTION('',(0.,1.,0.));
#4621 = ADVANCED_FACE('',(#4622),#4641,.T.);
#4622 = FACE_BOUND('',#4623,.F.);
#4623 = EDGE_LOOP('',(#4624,#4632,#4639,#4640));
#4624 = ORIENTED_EDGE('',*,*,#4625,.T.);
#4625 = EDGE_CURVE('',#4139,#4626,#4628,.T.);
#4626 = VERTEX_POINT('',#4627);
#4627 = CARTESIAN_POINT('',(4.,-104.89,4.));
#4628 = LINE('',#4629,#4630);
#4629 = CARTESIAN_POINT('',(4.,-104.89,0.));
#4630 = VECTOR('',#4631,1.);
#4631 = DIRECTION('',(0.,0.,1.));
#4632 = ORIENTED_EDGE('',*,*,#4633,.T.);
#4633 = EDGE_CURVE('',#4626,#4578,#4634,.T.);
#4634 = CIRCLE('',#4635,4.);
#4635 = AXIS2_PLACEMENT_3D('',#4636,#4637,#4638);
#4636 = CARTESIAN_POINT('',(4.,-108.89,4.));
#4637 = DIRECTION('',(0.,0.,1.));
#4638 = DIRECTION('',(1.,0.,0.));
#4639 = ORIENTED_EDGE('',*,*,#4577,.F.);
#4640 = ORIENTED_EDGE('',*,*,#4146,.F.);
#4641 = CYLINDRICAL_SURFACE('',#4642,4.);
#4642 = AXIS2_PLACEMENT_3D('',#4643,#4644,#4645);
#4643 = CARTESIAN_POINT('',(4.,-108.89,0.));
#4644 = DIRECTION('',(-0.,-0.,-1.));
#4645 = DIRECTION('',(1.,0.,0.));
#4646 = ADVANCED_FACE('',(#4647),#4666,.T.);
#4647 = FACE_BOUND('',#4648,.F.);
#4648 = EDGE_LOOP('',(#4649,#4650,#4659,#4665));
#4649 = ORIENTED_EDGE('',*,*,#4610,.T.);
#4650 = ORIENTED_EDGE('',*,*,#4651,.T.);
#4651 = EDGE_CURVE('',#4603,#4652,#4654,.T.);
#4652 = VERTEX_POINT('',#4653);
#4653 = CARTESIAN_POINT('',(132.,-104.89,4.));
#4654 = CIRCLE('',#4655,4.);
#4655 = AXIS2_PLACEMENT_3D('',#4656,#4657,#4658);
#4656 = CARTESIAN_POINT('',(132.,-108.89,4.));
#4657 = DIRECTION('',(0.,0.,1.));
#4658 = DIRECTION('',(1.,0.,0.));
#4659 = ORIENTED_EDGE('',*,*,#4660,.F.);
#4660 = EDGE_CURVE('',#4130,#4652,#4661,.T.);
#4661 = LINE('',#4662,#4663);
#4662 = CARTESIAN_POINT('',(132.,-104.89,0.));
#4663 = VECTOR('',#4664,1.);
#4664 = DIRECTION('',(0.,0.,1.));
#4665 = ORIENTED_EDGE('',*,*,#4129,.F.);
#4666 = CYLINDRICAL_SURFACE('',#4667,4.);
#4667 = AXIS2_PLACEMENT_3D('',#4668,#4669,#4670);
#4668 = CARTESIAN_POINT('',(132.,-108.89,0.));
#4669 = DIRECTION('',(-0.,-0.,-1.));
#4670 = DIRECTION('',(1.,0.,0.));
#4671 = ADVANCED_FACE('',(#4672),#4683,.F.);
#4672 = FACE_BOUND('',#4673,.F.);
#4673 = EDGE_LOOP('',(#4674,#4675,#4681,#4682));
#4674 = ORIENTED_EDGE('',*,*,#4660,.T.);
#4675 = ORIENTED_EDGE('',*,*,#4676,.T.);
#4676 = EDGE_CURVE('',#4652,#4626,#4677,.T.);
#4677 = LINE('',#4678,#4679);
#4678 = CARTESIAN_POINT('',(132.,-104.89,4.));
#4679 = VECTOR('',#4680,1.);
#4680 = DIRECTION('',(-1.,0.,0.));
#4681 = ORIENTED_EDGE('',*,*,#4625,.F.);
#4682 = ORIENTED_EDGE('',*,*,#4138,.F.);
#4683 = PLANE('',#4684);
#4684 = AXIS2_PLACEMENT_3D('',#4685,#4686,#4687);
#4685 = CARTESIAN_POINT('',(132.,-104.89,0.));
#4686 = DIRECTION('',(0.,-1.,0.));
#4687 = DIRECTION('',(-1.,0.,0.));
#4688 = ADVANCED_FACE('',(#4689),#4708,.F.);
#4689 = FACE_BOUND('',#4690,.F.);
#4690 = EDGE_LOOP('',(#4691,#4700,#4706,#4707));
#4691 = ORIENTED_EDGE('',*,*,#4692,.F.);
#4692 = EDGE_CURVE('',#4693,#4693,#4695,.T.);
#4693 = VERTEX_POINT('',#4694);
#4694 = CARTESIAN_POINT('',(5.4,-188.89,2.));
#4695 = CIRCLE('',#4696,1.4);
#4696 = AXIS2_PLACEMENT_3D('',#4697,#4698,#4699);
#4697 = CARTESIAN_POINT('',(4.,-188.89,2.));
#4698 = DIRECTION('',(0.,0.,1.));
#4699 = DIRECTION('',(1.,0.,0.));
#4700 = ORIENTED_EDGE('',*,*,#4701,.T.);
#4701 = EDGE_CURVE('',#4693,#4173,#4702,.T.);
#4702 = LINE('',#4703,#4704);
#4703 = CARTESIAN_POINT('',(5.4,-188.89,4.));
#4704 = VECTOR('',#4705,1.);
#4705 = DIRECTION('',(-0.,-0.,-1.));
#4706 = ORIENTED_EDGE('',*,*,#4172,.T.);
#4707 = ORIENTED_EDGE('',*,*,#4701,.F.);
#4708 = CYLINDRICAL_SURFACE('',#4709,1.4);
#4709 = AXIS2_PLACEMENT_3D('',#4710,#4711,#4712);
#4710 = CARTESIAN_POINT('',(4.,-188.89,4.));
#4711 = DIRECTION('',(0.,0.,1.));
#4712 = DIRECTION('',(1.,0.,0.));
#4713 = ADVANCED_FACE('',(#4714),#4733,.F.);
#4714 = FACE_BOUND('',#4715,.F.);
#4715 = EDGE_LOOP('',(#4716,#4725,#4731,#4732));
#4716 = ORIENTED_EDGE('',*,*,#4717,.F.);
#4717 = EDGE_CURVE('',#4718,#4718,#4720,.T.);
#4718 = VERTEX_POINT('',#4719);
#4719 = CARTESIAN_POINT('',(133.4,-188.89,2.));
#4720 = CIRCLE('',#4721,1.4);
#4721 = AXIS2_PLACEMENT_3D('',#4722,#4723,#4724);
#4722 = CARTESIAN_POINT('',(132.,-188.89,2.));
#4723 = DIRECTION('',(0.,0.,1.));
#4724 = DIRECTION('',(1.,0.,0.));
#4725 = ORIENTED_EDGE('',*,*,#4726,.T.);
#4726 = EDGE_CURVE('',#4718,#4184,#4727,.T.);
#4727 = LINE('',#4728,#4729);
#4728 = CARTESIAN_POINT('',(133.4,-188.89,4.));
#4729 = VECTOR('',#4730,1.);
#4730 = DIRECTION('',(-0.,-0.,-1.));
#4731 = ORIENTED_EDGE('',*,*,#4183,.T.);
#4732 = ORIENTED_EDGE('',*,*,#4726,.F.);
#4733 = CYLINDRICAL_SURFACE('',#4734,1.4);
#4734 = AXIS2_PLACEMENT_3D('',#4735,#4736,#4737);
#4735 = CARTESIAN_POINT('',(132.,-188.89,4.));
#4736 = DIRECTION('',(0.,0.,1.));
#4737 = DIRECTION('',(1.,0.,0.));
#4738 = ADVANCED_FACE('',(#4739),#4764,.F.);
#4739 = FACE_BOUND('',#4740,.F.);
#4740 = EDGE_LOOP('',(#4741,#4742,#4750,#4758));
#4741 = ORIENTED_EDGE('',*,*,#4194,.F.);
#4742 = ORIENTED_EDGE('',*,*,#4743,.T.);
#4743 = EDGE_CURVE('',#4195,#4744,#4746,.T.);
#4744 = VERTEX_POINT('',#4745);
#4745 = CARTESIAN_POINT('',(78.,-161.89,4.));
#4746 = LINE('',#4747,#4748);
#4747 = CARTESIAN_POINT('',(78.,-161.89,0.));
#4748 = VECTOR('',#4749,1.);
#4749 = DIRECTION('',(0.,0.,1.));
#4750 = ORIENTED_EDGE('',*,*,#4751,.F.);
#4751 = EDGE_CURVE('',#4752,#4744,#4754,.T.);
#4752 = VERTEX_POINT('',#4753);
#4753 = CARTESIAN_POINT('',(78.,-159.89,4.));
#4754 = LINE('',#4755,#4756);
#4755 = CARTESIAN_POINT('',(78.,-155.39,4.));
#4756 = VECTOR('',#4757,1.);
#4757 = DIRECTION('',(0.,-1.,0.));
#4758 = ORIENTED_EDGE('',*,*,#4759,.F.);
#4759 = EDGE_CURVE('',#4197,#4752,#4760,.T.);
#4760 = LINE('',#4761,#4762);
#4761 = CARTESIAN_POINT('',(78.,-159.89,0.));
#4762 = VECTOR('',#4763,1.);
#4763 = DIRECTION('',(0.,0.,1.));
#4764 = PLANE('',#4765);
#4765 = AXIS2_PLACEMENT_3D('',#4766,#4767,#4768);
#4766 = CARTESIAN_POINT('',(78.,-161.89,0.));
#4767 = DIRECTION('',(-1.,0.,0.));
#4768 = DIRECTION('',(0.,1.,0.));
#4769 = ADVANCED_FACE('',(#4770),#4788,.F.);
#4770 = FACE_BOUND('',#4771,.F.);
#4771 = EDGE_LOOP('',(#4772,#4773,#4781,#4787));
#4772 = ORIENTED_EDGE('',*,*,#4220,.F.);
#4773 = ORIENTED_EDGE('',*,*,#4774,.T.);
#4774 = EDGE_CURVE('',#4213,#4775,#4777,.T.);
#4775 = VERTEX_POINT('',#4776);
#4776 = CARTESIAN_POINT('',(98.,-161.89,4.));
#4777 = LINE('',#4778,#4779);
#4778 = CARTESIAN_POINT('',(98.,-161.89,0.));
#4779 = VECTOR('',#4780,1.);
#4780 = DIRECTION('',(0.,0.,1.));
#4781 = ORIENTED_EDGE('',*,*,#4782,.F.);
#4782 = EDGE_CURVE('',#4744,#4775,#4783,.T.);
#4783 = LINE('',#4784,#4785);
#4784 = CARTESIAN_POINT('',(83.,-161.89,4.));
#4785 = VECTOR('',#4786,1.);
#4786 = DIRECTION('',(1.,0.,0.));
#4787 = ORIENTED_EDGE('',*,*,#4743,.F.);
#4788 = PLANE('',#4789);
#4789 = AXIS2_PLACEMENT_3D('',#4790,#4791,#4792);
#4790 = CARTESIAN_POINT('',(98.,-161.89,0.));
#4791 = DIRECTION('',(0.,-1.,0.));
#4792 = DIRECTION('',(-1.,0.,0.));
#4793 = ADVANCED_FACE('',(#4794),#4812,.F.);
#4794 = FACE_BOUND('',#4795,.F.);
#4795 = EDGE_LOOP('',(#4796,#4797,#4805,#4811));
#4796 = ORIENTED_EDGE('',*,*,#4212,.F.);
#4797 = ORIENTED_EDGE('',*,*,#4798,.T.);
#4798 = EDGE_CURVE('',#4205,#4799,#4801,.T.);
#4799 = VERTEX_POINT('',#4800);
#4800 = CARTESIAN_POINT('',(98.,-159.89,4.));
#4801 = LINE('',#4802,#4803);
#4802 = CARTESIAN_POINT('',(98.,-159.89,0.));
#4803 = VECTOR('',#4804,1.);
#4804 = DIRECTION('',(0.,0.,1.));
#4805 = ORIENTED_EDGE('',*,*,#4806,.F.);
#4806 = EDGE_CURVE('',#4775,#4799,#4807,.T.);
#4807 = LINE('',#4808,#4809);
#4808 = CARTESIAN_POINT('',(98.,-154.39,4.));
#4809 = VECTOR('',#4810,1.);
#4810 = DIRECTION('',(0.,1.,0.));
#4811 = ORIENTED_EDGE('',*,*,#4774,.F.);
#4812 = PLANE('',#4813);
#4813 = AXIS2_PLACEMENT_3D('',#4814,#4815,#4816);
#4814 = CARTESIAN_POINT('',(98.,-159.89,0.));
#4815 = DIRECTION('',(1.,0.,0.));
#4816 = DIRECTION('',(0.,-1.,0.));
#4817 = ADVANCED_FACE('',(#4818),#4829,.F.);
#4818 = FACE_BOUND('',#4819,.F.);
#4819 = EDGE_LOOP('',(#4820,#4821,#4822,#4828));
#4820 = ORIENTED_EDGE('',*,*,#4204,.F.);
#4821 = ORIENTED_EDGE('',*,*,#4759,.T.);
#4822 = ORIENTED_EDGE('',*,*,#4823,.F.);
#4823 = EDGE_CURVE('',#4799,#4752,#4824,.T.);
#4824 = LINE('',#4825,#4826);
#4825 = CARTESIAN_POINT('',(73.,-159.89,4.));
#4826 = VECTOR('',#4827,1.);
#4827 = DIRECTION('',(-1.,0.,0.));
#4828 = ORIENTED_EDGE('',*,*,#4798,.F.);
#4829 = PLANE('',#4830);
#4830 = AXIS2_PLACEMENT_3D('',#4831,#4832,#4833);
#4831 = CARTESIAN_POINT('',(78.,-159.89,0.));
#4832 = DIRECTION('',(0.,1.,0.));
#4833 = DIRECTION('',(1.,0.,0.));
#4834 = ADVANCED_FACE('',(#4835),#4860,.F.);
#4835 = FACE_BOUND('',#4836,.F.);
#4836 = EDGE_LOOP('',(#4837,#4838,#4846,#4854));
#4837 = ORIENTED_EDGE('',*,*,#4228,.F.);
#4838 = ORIENTED_EDGE('',*,*,#4839,.T.);
#4839 = EDGE_CURVE('',#4229,#4840,#4842,.T.);
#4840 = VERTEX_POINT('',#4841);
#4841 = CARTESIAN_POINT('',(78.,-157.89,4.));
#4842 = LINE('',#4843,#4844);
#4843 = CARTESIAN_POINT('',(78.,-157.89,0.));
#4844 = VECTOR('',#4845,1.);
#4845 = DIRECTION('',(0.,0.,1.));
#4846 = ORIENTED_EDGE('',*,*,#4847,.F.);
#4847 = EDGE_CURVE('',#4848,#4840,#4850,.T.);
#4848 = VERTEX_POINT('',#4849);
#4849 = CARTESIAN_POINT('',(78.,-155.89,4.));
#4850 = LINE('',#4851,#4852);
#4851 = CARTESIAN_POINT('',(78.,-153.39,4.));
#4852 = VECTOR('',#4853,1.);
#4853 = DIRECTION('',(0.,-1.,0.));
#4854 = ORIENTED_EDGE('',*,*,#4855,.F.);
#4855 = EDGE_CURVE('',#4231,#4848,#4856,.T.);
#4856 = LINE('',#4857,#4858);
#4857 = CARTESIAN_POINT('',(78.,-155.89,0.));
#4858 = VECTOR('',#4859,1.);
#4859 = DIRECTION('',(0.,0.,1.));
#4860 = PLANE('',#4861);
#4861 = AXIS2_PLACEMENT_3D('',#4862,#4863,#4864);
#4862 = CARTESIAN_POINT('',(78.,-157.89,0.));
#4863 = DIRECTION('',(-1.,0.,0.));
#4864 = DIRECTION('',(0.,1.,0.));
#4865 = ADVANCED_FACE('',(#4866),#4884,.F.);
#4866 = FACE_BOUND('',#4867,.F.);
#4867 = EDGE_LOOP('',(#4868,#4869,#4877,#4883));
#4868 = ORIENTED_EDGE('',*,*,#4254,.F.);
#4869 = ORIENTED_EDGE('',*,*,#4870,.T.);
#4870 = EDGE_CURVE('',#4247,#4871,#4873,.T.);
#4871 = VERTEX_POINT('',#4872);
#4872 = CARTESIAN_POINT('',(98.,-157.89,4.));
#4873 = LINE('',#4874,#4875);
#4874 = CARTESIAN_POINT('',(98.,-157.89,0.));
#4875 = VECTOR('',#4876,1.);
#4876 = DIRECTION('',(0.,0.,1.));
#4877 = ORIENTED_EDGE('',*,*,#4878,.F.);
#4878 = EDGE_CURVE('',#4840,#4871,#4879,.T.);
#4879 = LINE('',#4880,#4881);
#4880 = CARTESIAN_POINT('',(83.,-157.89,4.));
#4881 = VECTOR('',#4882,1.);
#4882 = DIRECTION('',(1.,0.,0.));
#4883 = ORIENTED_EDGE('',*,*,#4839,.F.);
#4884 = PLANE('',#4885);
#4885 = AXIS2_PLACEMENT_3D('',#4886,#4887,#4888);
#4886 = CARTESIAN_POINT('',(98.,-157.89,0.));
#4887 = DIRECTION('',(0.,-1.,0.));
#4888 = DIRECTION('',(-1.,0.,0.));
#4889 = ADVANCED_FACE('',(#4890),#4908,.F.);
#4890 = FACE_BOUND('',#4891,.F.);
#4891 = EDGE_LOOP('',(#4892,#4893,#4901,#4907));
#4892 = ORIENTED_EDGE('',*,*,#4246,.F.);
#4893 = ORIENTED_EDGE('',*,*,#4894,.T.);
#4894 = EDGE_CURVE('',#4239,#4895,#4897,.T.);
#4895 = VERTEX_POINT('',#4896);
#4896 = CARTESIAN_POINT('',(98.,-155.89,4.));
#4897 = LINE('',#4898,#4899);
#4898 = CARTESIAN_POINT('',(98.,-155.89,0.));
#4899 = VECTOR('',#4900,1.);
#4900 = DIRECTION('',(0.,0.,1.));
#4901 = ORIENTED_EDGE('',*,*,#4902,.F.);
#4902 = EDGE_CURVE('',#4871,#4895,#4903,.T.);
#4903 = LINE('',#4904,#4905);
#4904 = CARTESIAN_POINT('',(98.,-152.39,4.));
#4905 = VECTOR('',#4906,1.);
#4906 = DIRECTION('',(0.,1.,0.));
#4907 = ORIENTED_EDGE('',*,*,#4870,.F.);
#4908 = PLANE('',#4909);
#4909 = AXIS2_PLACEMENT_3D('',#4910,#4911,#4912);
#4910 = CARTESIAN_POINT('',(98.,-155.89,0.));
#4911 = DIRECTION('',(1.,0.,0.));
#4912 = DIRECTION('',(0.,-1.,0.));
#4913 = ADVANCED_FACE('',(#4914),#4925,.F.);
#4914 = FACE_BOUND('',#4915,.F.);
#4915 = EDGE_LOOP('',(#4916,#4917,#4918,#4924));
#4916 = ORIENTED_EDGE('',*,*,#4238,.F.);
#4917 = ORIENTED_EDGE('',*,*,#4855,.T.);
#4918 = ORIENTED_EDGE('',*,*,#4919,.F.);
#4919 = EDGE_CURVE('',#4895,#4848,#4920,.T.);
#4920 = LINE('',#4921,#4922);
#4921 = CARTESIAN_POINT('',(73.,-155.89,4.));
#4922 = VECTOR('',#4923,1.);
#4923 = DIRECTION('',(-1.,0.,0.));
#4924 = ORIENTED_EDGE('',*,*,#4894,.F.);
#4925 = PLANE('',#4926);
#4926 = AXIS2_PLACEMENT_3D('',#4927,#4928,#4929);
#4927 = CARTESIAN_POINT('',(78.,-155.89,0.));
#4928 = DIRECTION('',(0.,1.,0.));
#4929 = DIRECTION('',(1.,0.,0.));
#4930 = ADVANCED_FACE('',(#4931),#4956,.F.);
#4931 = FACE_BOUND('',#4932,.F.);
#4932 = EDGE_LOOP('',(#4933,#4934,#4942,#4950));
#4933 = ORIENTED_EDGE('',*,*,#4262,.F.);
#4934 = ORIENTED_EDGE('',*,*,#4935,.T.);
#4935 = EDGE_CURVE('',#4263,#4936,#4938,.T.);
#4936 = VERTEX_POINT('',#4937);
#4937 = CARTESIAN_POINT('',(78.,-153.89,4.));
#4938 = LINE('',#4939,#4940);
#4939 = CARTESIAN_POINT('',(78.,-153.89,0.));
#4940 = VECTOR('',#4941,1.);
#4941 = DIRECTION('',(0.,0.,1.));
#4942 = ORIENTED_EDGE('',*,*,#4943,.F.);
#4943 = EDGE_CURVE('',#4944,#4936,#4946,.T.);
#4944 = VERTEX_POINT('',#4945);
#4945 = CARTESIAN_POINT('',(78.,-151.89,4.));
#4946 = LINE('',#4947,#4948);
#4947 = CARTESIAN_POINT('',(78.,-151.39,4.));
#4948 = VECTOR('',#4949,1.);
#4949 = DIRECTION('',(0.,-1.,0.));
#4950 = ORIENTED_EDGE('',*,*,#4951,.F.);
#4951 = EDGE_CURVE('',#4265,#4944,#4952,.T.);
#4952 = LINE('',#4953,#4954);
#4953 = CARTESIAN_POINT('',(78.,-151.89,0.));
#4954 = VECTOR('',#4955,1.);
#4955 = DIRECTION('',(0.,0.,1.));
#4956 = PLANE('',#4957);
#4957 = AXIS2_PLACEMENT_3D('',#4958,#4959,#4960);
#4958 = CARTESIAN_POINT('',(78.,-153.89,0.));
#4959 = DIRECTION('',(-1.,0.,0.));
#4960 = DIRECTION('',(0.,1.,0.));
#4961 = ADVANCED_FACE('',(#4962),#4980,.F.);
#4962 = FACE_BOUND('',#4963,.F.);
#4963 = EDGE_LOOP('',(#4964,#4965,#4973,#4979));
#4964 = ORIENTED_EDGE('',*,*,#4288,.F.);
#4965 = ORIENTED_EDGE('',*,*,#4966,.T.);
#4966 = EDGE_CURVE('',#4281,#4967,#4969,.T.);
#4967 = VERTEX_POINT('',#4968);
#4968 = CARTESIAN_POINT('',(98.,-153.89,4.));
#4969 = LINE('',#4970,#4971);
#4970 = CARTESIAN_POINT('',(98.,-153.89,0.));
#4971 = VECTOR('',#4972,1.);
#4972 = DIRECTION('',(0.,0.,1.));
#4973 = ORIENTED_EDGE('',*,*,#4974,.F.);
#4974 = EDGE_CURVE('',#4936,#4967,#4975,.T.);
#4975 = LINE('',#4976,#4977);
#4976 = CARTESIAN_POINT('',(83.,-153.89,4.));
#4977 = VECTOR('',#4978,1.);
#4978 = DIRECTION('',(1.,0.,0.));
#4979 = ORIENTED_EDGE('',*,*,#4935,.F.);
#4980 = PLANE('',#4981);
#4981 = AXIS2_PLACEMENT_3D('',#4982,#4983,#4984);
#4982 = CARTESIAN_POINT('',(98.,-153.89,0.));
#4983 = DIRECTION('',(0.,-1.,0.));
#4984 = DIRECTION('',(-1.,0.,0.));
#4985 = ADVANCED_FACE('',(#4986),#5004,.F.);
#4986 = FACE_BOUND('',#4987,.F.);
#4987 = EDGE_LOOP('',(#4988,#4989,#4997,#5003));
#4988 = ORIENTED_EDGE('',*,*,#4280,.F.);
#4989 = ORIENTED_EDGE('',*,*,#4990,.T.);
#4990 = EDGE_CURVE('',#4273,#4991,#4993,.T.);
#4991 = VERTEX_POINT('',#4992);
#4992 = CARTESIAN_POINT('',(98.,-151.89,4.));
#4993 = LINE('',#4994,#4995);
#4994 = CARTESIAN_POINT('',(98.,-151.89,0.));
#4995 = VECTOR('',#4996,1.);
#4996 = DIRECTION('',(0.,0.,1.));
#4997 = ORIENTED_EDGE('',*,*,#4998,.F.);
#4998 = EDGE_CURVE('',#4967,#4991,#4999,.T.);
#4999 = LINE('',#5000,#5001);
#5000 = CARTESIAN_POINT('',(98.,-150.39,4.));
#5001 = VECTOR('',#5002,1.);
#5002 = DIRECTION('',(0.,1.,0.));
#5003 = ORIENTED_EDGE('',*,*,#4966,.F.);
#5004 = PLANE('',#5005);
#5005 = AXIS2_PLACEMENT_3D('',#5006,#5007,#5008);
#5006 = CARTESIAN_POINT('',(98.,-151.89,0.));
#5007 = DIRECTION('',(1.,0.,0.));
#5008 = DIRECTION('',(0.,-1.,0.));
#5009 = ADVANCED_FACE('',(#5010),#5021,.F.);
#5010 = FACE_BOUND('',#5011,.F.);
#5011 = EDGE_LOOP('',(#5012,#5013,#5014,#5020));
#5012 = ORIENTED_EDGE('',*,*,#4272,.F.);
#5013 = ORIENTED_EDGE('',*,*,#4951,.T.);
#5014 = ORIENTED_EDGE('',*,*,#5015,.F.);
#5015 = EDGE_CURVE('',#4991,#4944,#5016,.T.);
#5016 = LINE('',#5017,#5018);
#5017 = CARTESIAN_POINT('',(73.,-151.89,4.));
#5018 = VECTOR('',#5019,1.);
#5019 = DIRECTION('',(-1.,0.,0.));
#5020 = ORIENTED_EDGE('',*,*,#4990,.F.);
#5021 = PLANE('',#5022);
#5022 = AXIS2_PLACEMENT_3D('',#5023,#5024,#5025);
#5023 = CARTESIAN_POINT('',(78.,-151.89,0.));
#5024 = DIRECTION('',(0.,1.,0.));
#5025 = DIRECTION('',(1.,0.,0.));
#5026 = ADVANCED_FACE('',(#5027),#5054,.F.);
#5027 = FACE_BOUND('',#5028,.F.);
#5028 = EDGE_LOOP('',(#5029,#5038,#5046,#5053));
#5029 = ORIENTED_EDGE('',*,*,#5030,.T.);
#5030 = EDGE_CURVE('',#4297,#5031,#5033,.T.);
#5031 = VERTEX_POINT('',#5032);
#5032 = CARTESIAN_POINT('',(47.,-144.89,-2.));
#5033 = CIRCLE('',#5034,2.);
#5034 = AXIS2_PLACEMENT_3D('',#5035,#5036,#5037);
#5035 = CARTESIAN_POINT('',(49.,-144.89,-2.));
#5036 = DIRECTION('',(0.,-1.,0.));
#5037 = DIRECTION('',(0.,0.,1.));
#5038 = ORIENTED_EDGE('',*,*,#5039,.T.);
#5039 = EDGE_CURVE('',#5031,#5040,#5042,.T.);
#5040 = VERTEX_POINT('',#5041);
#5041 = CARTESIAN_POINT('',(47.,-152.89,-2.));
#5042 = LINE('',#5043,#5044);
#5043 = CARTESIAN_POINT('',(47.,-144.89,-2.));
#5044 = VECTOR('',#5045,1.);
#5045 = DIRECTION('',(0.,-1.,0.));
#5046 = ORIENTED_EDGE('',*,*,#5047,.F.);
#5047 = EDGE_CURVE('',#4299,#5040,#5048,.T.);
#5048 = CIRCLE('',#5049,2.);
#5049 = AXIS2_PLACEMENT_3D('',#5050,#5051,#5052);
#5050 = CARTESIAN_POINT('',(49.,-152.89,-2.));
#5051 = DIRECTION('',(0.,-1.,0.));
#5052 = DIRECTION('',(0.,0.,1.));
#5053 = ORIENTED_EDGE('',*,*,#4296,.F.);
#5054 = CYLINDRICAL_SURFACE('',#5055,2.);
#5055 = AXIS2_PLACEMENT_3D('',#5056,#5057,#5058);
#5056 = CARTESIAN_POINT('',(49.,-144.89,-2.));
#5057 = DIRECTION('',(0.,-1.,0.));
#5058 = DIRECTION('',(0.,0.,1.));
#5059 = ADVANCED_FACE('',(#5060),#5080,.F.);
#5060 = FACE_BOUND('',#5061,.T.);
#5061 = EDGE_LOOP('',(#5062,#5071,#5072,#5073));
#5062 = ORIENTED_EDGE('',*,*,#5063,.F.);
#5063 = EDGE_CURVE('',#4350,#5064,#5066,.T.);
#5064 = VERTEX_POINT('',#5065);
#5065 = CARTESIAN_POINT('',(43.,-140.89,-2.));
#5066 = CIRCLE('',#5067,2.);
#5067 = AXIS2_PLACEMENT_3D('',#5068,#5069,#5070);
#5068 = CARTESIAN_POINT('',(43.,-138.89,-2.));
#5069 = DIRECTION('',(1.,0.,-0.));
#5070 = DIRECTION('',(0.,0.,1.));
#5071 = ORIENTED_EDGE('',*,*,#4357,.T.);
#5072 = ORIENTED_EDGE('',*,*,#5030,.T.);
#5073 = ORIENTED_EDGE('',*,*,#5074,.F.);
#5074 = EDGE_CURVE('',#5064,#5031,#5075,.T.);
#5075 = CIRCLE('',#5076,4.);
#5076 = AXIS2_PLACEMENT_3D('',#5077,#5078,#5079);
#5077 = CARTESIAN_POINT('',(43.,-144.89,-2.));
#5078 = DIRECTION('',(0.,0.,-1.));
#5079 = DIRECTION('',(0.,1.,0.));
#5080 = TOROIDAL_SURFACE('',#5081,6.,2.);
#5081 = AXIS2_PLACEMENT_3D('',#5082,#5083,#5084);
#5082 = CARTESIAN_POINT('',(43.,-144.89,-2.));
#5083 = DIRECTION('',(0.,0.,1.));
#5084 = DIRECTION('',(0.,1.,0.));
#5085 = ADVANCED_FACE('',(#5086),#5106,.F.);
#5086 = FACE_BOUND('',#5087,.T.);
#5087 = EDGE_LOOP('',(#5088,#5089,#5090,#5099));
#5088 = ORIENTED_EDGE('',*,*,#5047,.F.);
#5089 = ORIENTED_EDGE('',*,*,#4306,.T.);
#5090 = ORIENTED_EDGE('',*,*,#5091,.T.);
#5091 = EDGE_CURVE('',#4307,#5092,#5094,.T.);
#5092 = VERTEX_POINT('',#5093);
#5093 = CARTESIAN_POINT('',(43.,-156.89,-2.));
#5094 = CIRCLE('',#5095,2.);
#5095 = AXIS2_PLACEMENT_3D('',#5096,#5097,#5098);
#5096 = CARTESIAN_POINT('',(43.,-158.89,-2.));
#5097 = DIRECTION('',(-1.,-6.E-17,0.));
#5098 = DIRECTION('',(6.E-17,-1.,0.));
#5099 = ORIENTED_EDGE('',*,*,#5100,.F.);
#5100 = EDGE_CURVE('',#5040,#5092,#5101,.T.);
#5101 = CIRCLE('',#5102,4.);
#5102 = AXIS2_PLACEMENT_3D('',#5103,#5104,#5105);
#5103 = CARTESIAN_POINT('',(43.,-152.89,-2.));
#5104 = DIRECTION('',(0.,0.,-1.));
#5105 = DIRECTION('',(1.,0.,0.));
#5106 = TOROIDAL_SURFACE('',#5107,6.,2.);
#5107 = AXIS2_PLACEMENT_3D('',#5108,#5109,#5110);
#5108 = CARTESIAN_POINT('',(43.,-152.89,-2.));
#5109 = DIRECTION('',(0.,0.,1.));
#5110 = DIRECTION('',(1.,0.,0.));
#5111 = ADVANCED_FACE('',(#5112),#5131,.F.);
#5112 = FACE_BOUND('',#5113,.F.);
#5113 = EDGE_LOOP('',(#5114,#5123,#5129,#5130));
#5114 = ORIENTED_EDGE('',*,*,#5115,.T.);
#5115 = EDGE_CURVE('',#4341,#5116,#5118,.T.);
#5116 = VERTEX_POINT('',#5117);
#5117 = CARTESIAN_POINT('',(35.,-140.89,-2.));
#5118 = CIRCLE('',#5119,2.);
#5119 = AXIS2_PLACEMENT_3D('',#5120,#5121,#5122);
#5120 = CARTESIAN_POINT('',(35.,-138.89,-2.));
#5121 = DIRECTION('',(1.,6.E-17,-0.));
#5122 = DIRECTION('',(-6.E-17,1.,0.));
#5123 = ORIENTED_EDGE('',*,*,#5124,.T.);
#5124 = EDGE_CURVE('',#5116,#5064,#5125,.T.);
#5125 = LINE('',#5126,#5127);
#5126 = CARTESIAN_POINT('',(35.,-140.89,-2.));
#5127 = VECTOR('',#5128,1.);
#5128 = DIRECTION('',(1.,0.,0.));
#5129 = ORIENTED_EDGE('',*,*,#5063,.F.);
#5130 = ORIENTED_EDGE('',*,*,#4349,.F.);
#5131 = CYLINDRICAL_SURFACE('',#5132,2.);
#5132 = AXIS2_PLACEMENT_3D('',#5133,#5134,#5135);
#5133 = CARTESIAN_POINT('',(35.,-138.89,-2.));
#5134 = DIRECTION('',(1.,0.,0.));
#5135 = DIRECTION('',(0.,0.,1.));
#5136 = ADVANCED_FACE('',(#5137),#5156,.F.);
#5137 = FACE_BOUND('',#5138,.F.);
#5138 = EDGE_LOOP('',(#5139,#5140,#5148,#5155));
#5139 = ORIENTED_EDGE('',*,*,#5091,.T.);
#5140 = ORIENTED_EDGE('',*,*,#5141,.T.);
#5141 = EDGE_CURVE('',#5092,#5142,#5144,.T.);
#5142 = VERTEX_POINT('',#5143);
#5143 = CARTESIAN_POINT('',(35.,-156.89,-2.));
#5144 = LINE('',#5145,#5146);
#5145 = CARTESIAN_POINT('',(43.,-156.89,-2.));
#5146 = VECTOR('',#5147,1.);
#5147 = DIRECTION('',(-1.,0.,0.));
#5148 = ORIENTED_EDGE('',*,*,#5149,.F.);
#5149 = EDGE_CURVE('',#4316,#5142,#5150,.T.);
#5150 = CIRCLE('',#5151,2.);
#5151 = AXIS2_PLACEMENT_3D('',#5152,#5153,#5154);
#5152 = CARTESIAN_POINT('',(35.,-158.89,-2.));
#5153 = DIRECTION('',(-1.,0.,0.));
#5154 = DIRECTION('',(0.,0.,1.));
#5155 = ORIENTED_EDGE('',*,*,#4315,.F.);
#5156 = CYLINDRICAL_SURFACE('',#5157,2.);
#5157 = AXIS2_PLACEMENT_3D('',#5158,#5159,#5160);
#5158 = CARTESIAN_POINT('',(43.,-158.89,-2.));
#5159 = DIRECTION('',(-1.,0.,0.));
#5160 = DIRECTION('',(0.,0.,1.));
#5161 = ADVANCED_FACE('',(#5162),#5182,.F.);
#5162 = FACE_BOUND('',#5163,.T.);
#5163 = EDGE_LOOP('',(#5164,#5173,#5174,#5175));
#5164 = ORIENTED_EDGE('',*,*,#5165,.F.);
#5165 = EDGE_CURVE('',#4333,#5166,#5168,.T.);
#5166 = VERTEX_POINT('',#5167);
#5167 = CARTESIAN_POINT('',(31.,-144.89,-2.));
#5168 = CIRCLE('',#5169,2.);
#5169 = AXIS2_PLACEMENT_3D('',#5170,#5171,#5172);
#5170 = CARTESIAN_POINT('',(29.,-144.89,-2.));
#5171 = DIRECTION('',(0.,1.,0.));
#5172 = DIRECTION('',(0.,0.,1.));
#5173 = ORIENTED_EDGE('',*,*,#4340,.T.);
#5174 = ORIENTED_EDGE('',*,*,#5115,.T.);
#5175 = ORIENTED_EDGE('',*,*,#5176,.F.);
#5176 = EDGE_CURVE('',#5166,#5116,#5177,.T.);
#5177 = CIRCLE('',#5178,4.);
#5178 = AXIS2_PLACEMENT_3D('',#5179,#5180,#5181);
#5179 = CARTESIAN_POINT('',(35.,-144.89,-2.));
#5180 = DIRECTION('',(0.,0.,-1.));
#5181 = DIRECTION('',(-1.,0.,0.));
#5182 = TOROIDAL_SURFACE('',#5183,6.,2.);
#5183 = AXIS2_PLACEMENT_3D('',#5184,#5185,#5186);
#5184 = CARTESIAN_POINT('',(35.,-144.89,-2.));
#5185 = DIRECTION('',(0.,0.,1.));
#5186 = DIRECTION('',(-1.,0.,0.));
#5187 = ADVANCED_FACE('',(#5188),#5208,.F.);
#5188 = FACE_BOUND('',#5189,.T.);
#5189 = EDGE_LOOP('',(#5190,#5191,#5192,#5201));
#5190 = ORIENTED_EDGE('',*,*,#5149,.F.);
#5191 = ORIENTED_EDGE('',*,*,#4323,.T.);
#5192 = ORIENTED_EDGE('',*,*,#5193,.T.);
#5193 = EDGE_CURVE('',#4324,#5194,#5196,.T.);
#5194 = VERTEX_POINT('',#5195);
#5195 = CARTESIAN_POINT('',(31.,-152.89,-2.));
#5196 = CIRCLE('',#5197,2.);
#5197 = AXIS2_PLACEMENT_3D('',#5198,#5199,#5200);
#5198 = CARTESIAN_POINT('',(29.,-152.89,-2.));
#5199 = DIRECTION('',(-6.E-17,1.,0.));
#5200 = DIRECTION('',(-1.,-6.E-17,0.));
#5201 = ORIENTED_EDGE('',*,*,#5202,.F.);
#5202 = EDGE_CURVE('',#5142,#5194,#5203,.T.);
#5203 = CIRCLE('',#5204,4.);
#5204 = AXIS2_PLACEMENT_3D('',#5205,#5206,#5207);
#5205 = CARTESIAN_POINT('',(35.,-152.89,-2.));
#5206 = DIRECTION('',(-0.,-0.,-1.));
#5207 = DIRECTION('',(0.,-1.,0.));
#5208 = TOROIDAL_SURFACE('',#5209,6.,2.);
#5209 = AXIS2_PLACEMENT_3D('',#5210,#5211,#5212);
#5210 = CARTESIAN_POINT('',(35.,-152.89,-2.));
#5211 = DIRECTION('',(0.,0.,1.));
#5212 = DIRECTION('',(0.,-1.,0.));
#5213 = ADVANCED_FACE('',(#5214),#5225,.F.);
#5214 = FACE_BOUND('',#5215,.F.);
#5215 = EDGE_LOOP('',(#5216,#5217,#5223,#5224));
#5216 = ORIENTED_EDGE('',*,*,#5193,.T.);
#5217 = ORIENTED_EDGE('',*,*,#5218,.T.);
#5218 = EDGE_CURVE('',#5194,#5166,#5219,.T.);
#5219 = LINE('',#5220,#5221);
#5220 = CARTESIAN_POINT('',(31.,-152.89,-2.));
#5221 = VECTOR('',#5222,1.);
#5222 = DIRECTION('',(0.,1.,0.));
#5223 = ORIENTED_EDGE('',*,*,#5165,.F.);
#5224 = ORIENTED_EDGE('',*,*,#4332,.F.);
#5225 = CYLINDRICAL_SURFACE('',#5226,2.);
#5226 = AXIS2_PLACEMENT_3D('',#5227,#5228,#5229);
#5227 = CARTESIAN_POINT('',(29.,-152.89,-2.));
#5228 = DIRECTION('',(0.,1.,0.));
#5229 = DIRECTION('',(0.,0.,1.));
#5230 = ADVANCED_FACE('',(#5231),#5250,.F.);
#5231 = FACE_BOUND('',#5232,.F.);
#5232 = EDGE_LOOP('',(#5233,#5242,#5248,#5249));
#5233 = ORIENTED_EDGE('',*,*,#5234,.F.);
#5234 = EDGE_CURVE('',#5235,#5235,#5237,.T.);
#5235 = VERTEX_POINT('',#5236);
#5236 = CARTESIAN_POINT('',(5.4,-108.89,2.));
#5237 = CIRCLE('',#5238,1.4);
#5238 = AXIS2_PLACEMENT_3D('',#5239,#5240,#5241);
#5239 = CARTESIAN_POINT('',(4.,-108.89,2.));
#5240 = DIRECTION('',(0.,0.,1.));
#5241 = DIRECTION('',(1.,0.,0.));
#5242 = ORIENTED_EDGE('',*,*,#5243,.T.);
#5243 = EDGE_CURVE('',#5235,#4367,#5244,.T.);
#5244 = LINE('',#5245,#5246);
#5245 = CARTESIAN_POINT('',(5.4,-108.89,4.));
#5246 = VECTOR('',#5247,1.);
#5247 = DIRECTION('',(-0.,-0.,-1.));
#5248 = ORIENTED_EDGE('',*,*,#4366,.T.);
#5249 = ORIENTED_EDGE('',*,*,#5243,.F.);
#5250 = CYLINDRICAL_SURFACE('',#5251,1.4);
#5251 = AXIS2_PLACEMENT_3D('',#5252,#5253,#5254);
#5252 = CARTESIAN_POINT('',(4.,-108.89,4.));
#5253 = DIRECTION('',(0.,0.,1.));
#5254 = DIRECTION('',(1.,0.,0.));
#5255 = ADVANCED_FACE('',(#5256),#5281,.F.);
#5256 = FACE_BOUND('',#5257,.F.);
#5257 = EDGE_LOOP('',(#5258,#5259,#5267,#5275));
#5258 = ORIENTED_EDGE('',*,*,#4377,.F.);
#5259 = ORIENTED_EDGE('',*,*,#5260,.T.);
#5260 = EDGE_CURVE('',#4378,#5261,#5263,.T.);
#5261 = VERTEX_POINT('',#5262);
#5262 = CARTESIAN_POINT('',(78.,-149.89,4.));
#5263 = LINE('',#5264,#5265);
#5264 = CARTESIAN_POINT('',(78.,-149.89,0.));
#5265 = VECTOR('',#5266,1.);
#5266 = DIRECTION('',(0.,0.,1.));
#5267 = ORIENTED_EDGE('',*,*,#5268,.F.);
#5268 = EDGE_CURVE('',#5269,#5261,#5271,.T.);
#5269 = VERTEX_POINT('',#5270);
#5270 = CARTESIAN_POINT('',(78.,-147.89,4.));
#5271 = LINE('',#5272,#5273);
#5272 = CARTESIAN_POINT('',(78.,-149.39,4.));
#5273 = VECTOR('',#5274,1.);
#5274 = DIRECTION('',(0.,-1.,0.));
#5275 = ORIENTED_EDGE('',*,*,#5276,.F.);
#5276 = EDGE_CURVE('',#4380,#5269,#5277,.T.);
#5277 = LINE('',#5278,#5279);
#5278 = CARTESIAN_POINT('',(78.,-147.89,0.));
#5279 = VECTOR('',#5280,1.);
#5280 = DIRECTION('',(0.,0.,1.));
#5281 = PLANE('',#5282);
#5282 = AXIS2_PLACEMENT_3D('',#5283,#5284,#5285);
#5283 = CARTESIAN_POINT('',(78.,-149.89,0.));
#5284 = DIRECTION('',(-1.,0.,0.));
#5285 = DIRECTION('',(0.,1.,0.));
#5286 = ADVANCED_FACE('',(#5287),#5305,.F.);
#5287 = FACE_BOUND('',#5288,.F.);
#5288 = EDGE_LOOP('',(#5289,#5290,#5298,#5304));
#5289 = ORIENTED_EDGE('',*,*,#4403,.F.);
#5290 = ORIENTED_EDGE('',*,*,#5291,.T.);
#5291 = EDGE_CURVE('',#4396,#5292,#5294,.T.);
#5292 = VERTEX_POINT('',#5293);
#5293 = CARTESIAN_POINT('',(98.,-149.89,4.));
#5294 = LINE('',#5295,#5296);
#5295 = CARTESIAN_POINT('',(98.,-149.89,0.));
#5296 = VECTOR('',#5297,1.);
#5297 = DIRECTION('',(0.,0.,1.));
#5298 = ORIENTED_EDGE('',*,*,#5299,.F.);
#5299 = EDGE_CURVE('',#5261,#5292,#5300,.T.);
#5300 = LINE('',#5301,#5302);
#5301 = CARTESIAN_POINT('',(83.,-149.89,4.));
#5302 = VECTOR('',#5303,1.);
#5303 = DIRECTION('',(1.,0.,0.));
#5304 = ORIENTED_EDGE('',*,*,#5260,.F.);
#5305 = PLANE('',#5306);
#5306 = AXIS2_PLACEMENT_3D('',#5307,#5308,#5309);
#5307 = CARTESIAN_POINT('',(98.,-149.89,0.));
#5308 = DIRECTION('',(0.,-1.,0.));
#5309 = DIRECTION('',(-1.,0.,0.));
#5310 = ADVANCED_FACE('',(#5311),#5329,.F.);
#5311 = FACE_BOUND('',#5312,.F.);
#5312 = EDGE_LOOP('',(#5313,#5314,#5322,#5328));
#5313 = ORIENTED_EDGE('',*,*,#4395,.F.);
#5314 = ORIENTED_EDGE('',*,*,#5315,.T.);
#5315 = EDGE_CURVE('',#4388,#5316,#5318,.T.);
#5316 = VERTEX_POINT('',#5317);
#5317 = CARTESIAN_POINT('',(98.,-147.89,4.));
#5318 = LINE('',#5319,#5320);
#5319 = CARTESIAN_POINT('',(98.,-147.89,0.));
#5320 = VECTOR('',#5321,1.);
#5321 = DIRECTION('',(0.,0.,1.));
#5322 = ORIENTED_EDGE('',*,*,#5323,.F.);
#5323 = EDGE_CURVE('',#5292,#5316,#5324,.T.);
#5324 = LINE('',#5325,#5326);
#5325 = CARTESIAN_POINT('',(98.,-148.39,4.));
#5326 = VECTOR('',#5327,1.);
#5327 = DIRECTION('',(0.,1.,0.));
#5328 = ORIENTED_EDGE('',*,*,#5291,.F.);
#5329 = PLANE('',#5330);
#5330 = AXIS2_PLACEMENT_3D('',#5331,#5332,#5333);
#5331 = CARTESIAN_POINT('',(98.,-147.89,0.));
#5332 = DIRECTION('',(1.,0.,0.));
#5333 = DIRECTION('',(0.,-1.,0.));
#5334 = ADVANCED_FACE('',(#5335),#5346,.F.);
#5335 = FACE_BOUND('',#5336,.F.);
#5336 = EDGE_LOOP('',(#5337,#5338,#5339,#5345));
#5337 = ORIENTED_EDGE('',*,*,#4387,.F.);
#5338 = ORIENTED_EDGE('',*,*,#5276,.T.);
#5339 = ORIENTED_EDGE('',*,*,#5340,.F.);
#5340 = EDGE_CURVE('',#5316,#5269,#5341,.T.);
#5341 = LINE('',#5342,#5343);
#5342 = CARTESIAN_POINT('',(73.,-147.89,4.));
#5343 = VECTOR('',#5344,1.);
#5344 = DIRECTION('',(-1.,0.,0.));
#5345 = ORIENTED_EDGE('',*,*,#5315,.F.);
#5346 = PLANE('',#5347);
#5347 = AXIS2_PLACEMENT_3D('',#5348,#5349,#5350);
#5348 = CARTESIAN_POINT('',(78.,-147.89,0.));
#5349 = DIRECTION('',(0.,1.,0.));
#5350 = DIRECTION('',(1.,0.,0.));
#5351 = ADVANCED_FACE('',(#5352),#5377,.F.);
#5352 = FACE_BOUND('',#5353,.F.);
#5353 = EDGE_LOOP('',(#5354,#5355,#5363,#5371));
#5354 = ORIENTED_EDGE('',*,*,#4411,.F.);
#5355 = ORIENTED_EDGE('',*,*,#5356,.T.);
#5356 = EDGE_CURVE('',#4412,#5357,#5359,.T.);
#5357 = VERTEX_POINT('',#5358);
#5358 = CARTESIAN_POINT('',(78.,-145.89,4.));
#5359 = LINE('',#5360,#5361);
#5360 = CARTESIAN_POINT('',(78.,-145.89,0.));
#5361 = VECTOR('',#5362,1.);
#5362 = DIRECTION('',(0.,0.,1.));
#5363 = ORIENTED_EDGE('',*,*,#5364,.F.);
#5364 = EDGE_CURVE('',#5365,#5357,#5367,.T.);
#5365 = VERTEX_POINT('',#5366);
#5366 = CARTESIAN_POINT('',(78.,-143.89,4.));
#5367 = LINE('',#5368,#5369);
#5368 = CARTESIAN_POINT('',(78.,-147.39,4.));
#5369 = VECTOR('',#5370,1.);
#5370 = DIRECTION('',(0.,-1.,0.));
#5371 = ORIENTED_EDGE('',*,*,#5372,.F.);
#5372 = EDGE_CURVE('',#4414,#5365,#5373,.T.);
#5373 = LINE('',#5374,#5375);
#5374 = CARTESIAN_POINT('',(78.,-143.89,0.));
#5375 = VECTOR('',#5376,1.);
#5376 = DIRECTION('',(0.,0.,1.));
#5377 = PLANE('',#5378);
#5378 = AXIS2_PLACEMENT_3D('',#5379,#5380,#5381);
#5379 = CARTESIAN_POINT('',(78.,-145.89,0.));
#5380 = DIRECTION('',(-1.,0.,0.));
#5381 = DIRECTION('',(0.,1.,0.));
#5382 = ADVANCED_FACE('',(#5383),#5401,.F.);
#5383 = FACE_BOUND('',#5384,.F.);
#5384 = EDGE_LOOP('',(#5385,#5386,#5394,#5400));
#5385 = ORIENTED_EDGE('',*,*,#4437,.F.);
#5386 = ORIENTED_EDGE('',*,*,#5387,.T.);
#5387 = EDGE_CURVE('',#4430,#5388,#5390,.T.);
#5388 = VERTEX_POINT('',#5389);
#5389 = CARTESIAN_POINT('',(98.,-145.89,4.));
#5390 = LINE('',#5391,#5392);
#5391 = CARTESIAN_POINT('',(98.,-145.89,0.));
#5392 = VECTOR('',#5393,1.);
#5393 = DIRECTION('',(0.,0.,1.));
#5394 = ORIENTED_EDGE('',*,*,#5395,.F.);
#5395 = EDGE_CURVE('',#5357,#5388,#5396,.T.);
#5396 = LINE('',#5397,#5398);
#5397 = CARTESIAN_POINT('',(83.,-145.89,4.));
#5398 = VECTOR('',#5399,1.);
#5399 = DIRECTION('',(1.,0.,0.));
#5400 = ORIENTED_EDGE('',*,*,#5356,.F.);
#5401 = PLANE('',#5402);
#5402 = AXIS2_PLACEMENT_3D('',#5403,#5404,#5405);
#5403 = CARTESIAN_POINT('',(98.,-145.89,0.));
#5404 = DIRECTION('',(0.,-1.,0.));
#5405 = DIRECTION('',(-1.,0.,0.));
#5406 = ADVANCED_FACE('',(#5407),#5425,.F.);
#5407 = FACE_BOUND('',#5408,.F.);
#5408 = EDGE_LOOP('',(#5409,#5410,#5418,#5424));
#5409 = ORIENTED_EDGE('',*,*,#4429,.F.);
#5410 = ORIENTED_EDGE('',*,*,#5411,.T.);
#5411 = EDGE_CURVE('',#4422,#5412,#5414,.T.);
#5412 = VERTEX_POINT('',#5413);
#5413 = CARTESIAN_POINT('',(98.,-143.89,4.));
#5414 = LINE('',#5415,#5416);
#5415 = CARTESIAN_POINT('',(98.,-143.89,0.));
#5416 = VECTOR('',#5417,1.);
#5417 = DIRECTION('',(0.,0.,1.));
#5418 = ORIENTED_EDGE('',*,*,#5419,.F.);
#5419 = EDGE_CURVE('',#5388,#5412,#5420,.T.);
#5420 = LINE('',#5421,#5422);
#5421 = CARTESIAN_POINT('',(98.,-146.39,4.));
#5422 = VECTOR('',#5423,1.);
#5423 = DIRECTION('',(0.,1.,0.));
#5424 = ORIENTED_EDGE('',*,*,#5387,.F.);
#5425 = PLANE('',#5426);
#5426 = AXIS2_PLACEMENT_3D('',#5427,#5428,#5429);
#5427 = CARTESIAN_POINT('',(98.,-143.89,0.));
#5428 = DIRECTION('',(1.,0.,0.));
#5429 = DIRECTION('',(0.,-1.,0.));
#5430 = ADVANCED_FACE('',(#5431),#5442,.F.);
#5431 = FACE_BOUND('',#5432,.F.);
#5432 = EDGE_LOOP('',(#5433,#5434,#5435,#5441));
#5433 = ORIENTED_EDGE('',*,*,#4421,.F.);
#5434 = ORIENTED_EDGE('',*,*,#5372,.T.);
#5435 = ORIENTED_EDGE('',*,*,#5436,.F.);
#5436 = EDGE_CURVE('',#5412,#5365,#5437,.T.);
#5437 = LINE('',#5438,#5439);
#5438 = CARTESIAN_POINT('',(73.,-143.89,4.));
#5439 = VECTOR('',#5440,1.);
#5440 = DIRECTION('',(-1.,0.,0.));
#5441 = ORIENTED_EDGE('',*,*,#5411,.F.);
#5442 = PLANE('',#5443);
#5443 = AXIS2_PLACEMENT_3D('',#5444,#5445,#5446);
#5444 = CARTESIAN_POINT('',(78.,-143.89,0.));
#5445 = DIRECTION('',(0.,1.,0.));
#5446 = DIRECTION('',(1.,0.,0.));
#5447 = ADVANCED_FACE('',(#5448),#5473,.F.);
#5448 = FACE_BOUND('',#5449,.F.);
#5449 = EDGE_LOOP('',(#5450,#5451,#5459,#5467));
#5450 = ORIENTED_EDGE('',*,*,#4445,.F.);
#5451 = ORIENTED_EDGE('',*,*,#5452,.T.);
#5452 = EDGE_CURVE('',#4446,#5453,#5455,.T.);
#5453 = VERTEX_POINT('',#5454);
#5454 = CARTESIAN_POINT('',(78.,-141.89,4.));
#5455 = LINE('',#5456,#5457);
#5456 = CARTESIAN_POINT('',(78.,-141.89,0.));
#5457 = VECTOR('',#5458,1.);
#5458 = DIRECTION('',(0.,0.,1.));
#5459 = ORIENTED_EDGE('',*,*,#5460,.F.);
#5460 = EDGE_CURVE('',#5461,#5453,#5463,.T.);
#5461 = VERTEX_POINT('',#5462);
#5462 = CARTESIAN_POINT('',(78.,-139.89,4.));
#5463 = LINE('',#5464,#5465);
#5464 = CARTESIAN_POINT('',(78.,-145.39,4.));
#5465 = VECTOR('',#5466,1.);
#5466 = DIRECTION('',(0.,-1.,0.));
#5467 = ORIENTED_EDGE('',*,*,#5468,.F.);
#5468 = EDGE_CURVE('',#4448,#5461,#5469,.T.);
#5469 = LINE('',#5470,#5471);
#5470 = CARTESIAN_POINT('',(78.,-139.89,0.));
#5471 = VECTOR('',#5472,1.);
#5472 = DIRECTION('',(0.,0.,1.));
#5473 = PLANE('',#5474);
#5474 = AXIS2_PLACEMENT_3D('',#5475,#5476,#5477);
#5475 = CARTESIAN_POINT('',(78.,-141.89,0.));
#5476 = DIRECTION('',(-1.,0.,0.));
#5477 = DIRECTION('',(0.,1.,0.));
#5478 = ADVANCED_FACE('',(#5479),#5497,.F.);
#5479 = FACE_BOUND('',#5480,.F.);
#5480 = EDGE_LOOP('',(#5481,#5482,#5490,#5496));
#5481 = ORIENTED_EDGE('',*,*,#4471,.F.);
#5482 = ORIENTED_EDGE('',*,*,#5483,.T.);
#5483 = EDGE_CURVE('',#4464,#5484,#5486,.T.);
#5484 = VERTEX_POINT('',#5485);
#5485 = CARTESIAN_POINT('',(98.,-141.89,4.));
#5486 = LINE('',#5487,#5488);
#5487 = CARTESIAN_POINT('',(98.,-141.89,0.));
#5488 = VECTOR('',#5489,1.);
#5489 = DIRECTION('',(0.,0.,1.));
#5490 = ORIENTED_EDGE('',*,*,#5491,.F.);
#5491 = EDGE_CURVE('',#5453,#5484,#5492,.T.);
#5492 = LINE('',#5493,#5494);
#5493 = CARTESIAN_POINT('',(83.,-141.89,4.));
#5494 = VECTOR('',#5495,1.);
#5495 = DIRECTION('',(1.,0.,0.));
#5496 = ORIENTED_EDGE('',*,*,#5452,.F.);
#5497 = PLANE('',#5498);
#5498 = AXIS2_PLACEMENT_3D('',#5499,#5500,#5501);
#5499 = CARTESIAN_POINT('',(98.,-141.89,0.));
#5500 = DIRECTION('',(0.,-1.,0.));
#5501 = DIRECTION('',(-1.,0.,0.));
#5502 = ADVANCED_FACE('',(#5503),#5521,.F.);
#5503 = FACE_BOUND('',#5504,.F.);
#5504 = EDGE_LOOP('',(#5505,#5506,#5514,#5520));
#5505 = ORIENTED_EDGE('',*,*,#4463,.F.);
#5506 = ORIENTED_EDGE('',*,*,#5507,.T.);
#5507 = EDGE_CURVE('',#4456,#5508,#5510,.T.);
#5508 = VERTEX_POINT('',#5509);
#5509 = CARTESIAN_POINT('',(98.,-139.89,4.));
#5510 = LINE('',#5511,#5512);
#5511 = CARTESIAN_POINT('',(98.,-139.89,0.));
#5512 = VECTOR('',#5513,1.);
#5513 = DIRECTION('',(0.,0.,1.));
#5514 = ORIENTED_EDGE('',*,*,#5515,.F.);
#5515 = EDGE_CURVE('',#5484,#5508,#5516,.T.);
#5516 = LINE('',#5517,#5518);
#5517 = CARTESIAN_POINT('',(98.,-144.39,4.));
#5518 = VECTOR('',#5519,1.);
#5519 = DIRECTION('',(0.,1.,0.));
#5520 = ORIENTED_EDGE('',*,*,#5483,.F.);
#5521 = PLANE('',#5522);
#5522 = AXIS2_PLACEMENT_3D('',#5523,#5524,#5525);
#5523 = CARTESIAN_POINT('',(98.,-139.89,0.));
#5524 = DIRECTION('',(1.,0.,0.));
#5525 = DIRECTION('',(0.,-1.,0.));
#5526 = ADVANCED_FACE('',(#5527),#5538,.F.);
#5527 = FACE_BOUND('',#5528,.F.);
#5528 = EDGE_LOOP('',(#5529,#5530,#5531,#5537));
#5529 = ORIENTED_EDGE('',*,*,#4455,.F.);
#5530 = ORIENTED_EDGE('',*,*,#5468,.T.);
#5531 = ORIENTED_EDGE('',*,*,#5532,.F.);
#5532 = EDGE_CURVE('',#5508,#5461,#5533,.T.);
#5533 = LINE('',#5534,#5535);
#5534 = CARTESIAN_POINT('',(73.,-139.89,4.));
#5535 = VECTOR('',#5536,1.);
#5536 = DIRECTION('',(-1.,0.,0.));
#5537 = ORIENTED_EDGE('',*,*,#5507,.F.);
#5538 = PLANE('',#5539);
#5539 = AXIS2_PLACEMENT_3D('',#5540,#5541,#5542);
#5540 = CARTESIAN_POINT('',(78.,-139.89,0.));
#5541 = DIRECTION('',(0.,1.,0.));
#5542 = DIRECTION('',(1.,0.,0.));
#5543 = ADVANCED_FACE('',(#5544),#5563,.F.);
#5544 = FACE_BOUND('',#5545,.F.);
#5545 = EDGE_LOOP('',(#5546,#5555,#5561,#5562));
#5546 = ORIENTED_EDGE('',*,*,#5547,.F.);
#5547 = EDGE_CURVE('',#5548,#5548,#5550,.T.);
#5548 = VERTEX_POINT('',#5549);
#5549 = CARTESIAN_POINT('',(133.4,-108.89,2.));
#5550 = CIRCLE('',#5551,1.4);
#5551 = AXIS2_PLACEMENT_3D('',#5552,#5553,#5554);
#5552 = CARTESIAN_POINT('',(132.,-108.89,2.));
#5553 = DIRECTION('',(0.,0.,1.));
#5554 = DIRECTION('',(1.,0.,0.));
#5555 = ORIENTED_EDGE('',*,*,#5556,.T.);
#5556 = EDGE_CURVE('',#5548,#4480,#5557,.T.);
#5557 = LINE('',#5558,#5559);
#5558 = CARTESIAN_POINT('',(133.4,-108.89,4.));
#5559 = VECTOR('',#5560,1.);
#5560 = DIRECTION('',(-0.,-0.,-1.));
#5561 = ORIENTED_EDGE('',*,*,#4479,.T.);
#5562 = ORIENTED_EDGE('',*,*,#5556,.F.);
#5563 = CYLINDRICAL_SURFACE('',#5564,1.4);
#5564 = AXIS2_PLACEMENT_3D('',#5565,#5566,#5567);
#5565 = CARTESIAN_POINT('',(132.,-108.89,4.));
#5566 = DIRECTION('',(0.,0.,1.));
#5567 = DIRECTION('',(1.,0.,0.));
#5568 = ADVANCED_FACE('',(#5569,#5579,#5590,#5601,#5607,#5613,#5619,
    #5630,#5636,#5642,#5648),#5659,.T.);
#5569 = FACE_BOUND('',#5570,.T.);
#5570 = EDGE_LOOP('',(#5571,#5572,#5573,#5574,#5575,#5576,#5577,#5578));
#5571 = ORIENTED_EDGE('',*,*,#4504,.T.);
#5572 = ORIENTED_EDGE('',*,*,#4553,.T.);
#5573 = ORIENTED_EDGE('',*,*,#4602,.T.);
#5574 = ORIENTED_EDGE('',*,*,#4651,.T.);
#5575 = ORIENTED_EDGE('',*,*,#4676,.T.);
#5576 = ORIENTED_EDGE('',*,*,#4633,.T.);
#5577 = ORIENTED_EDGE('',*,*,#4585,.T.);
#5578 = ORIENTED_EDGE('',*,*,#4535,.T.);
#5579 = FACE_BOUND('',#5580,.T.);
#5580 = EDGE_LOOP('',(#5581));
#5581 = ORIENTED_EDGE('',*,*,#5582,.F.);
#5582 = EDGE_CURVE('',#5583,#5583,#5585,.T.);
#5583 = VERTEX_POINT('',#5584);
#5584 = CARTESIAN_POINT('',(7.,-188.89,4.));
#5585 = CIRCLE('',#5586,3.);
#5586 = AXIS2_PLACEMENT_3D('',#5587,#5588,#5589);
#5587 = CARTESIAN_POINT('',(4.,-188.89,4.));
#5588 = DIRECTION('',(0.,0.,1.));
#5589 = DIRECTION('',(1.,0.,0.));
#5590 = FACE_BOUND('',#5591,.T.);
#5591 = EDGE_LOOP('',(#5592));
#5592 = ORIENTED_EDGE('',*,*,#5593,.F.);
#5593 = EDGE_CURVE('',#5594,#5594,#5596,.T.);
#5594 = VERTEX_POINT('',#5595);
#5595 = CARTESIAN_POINT('',(135.,-188.89,4.));
#5596 = CIRCLE('',#5597,3.);
#5597 = AXIS2_PLACEMENT_3D('',#5598,#5599,#5600);
#5598 = CARTESIAN_POINT('',(132.,-188.89,4.));
#5599 = DIRECTION('',(0.,0.,1.));
#5600 = DIRECTION('',(1.,0.,0.));
#5601 = FACE_BOUND('',#5602,.T.);
#5602 = EDGE_LOOP('',(#5603,#5604,#5605,#5606));
#5603 = ORIENTED_EDGE('',*,*,#4823,.F.);
#5604 = ORIENTED_EDGE('',*,*,#4806,.F.);
#5605 = ORIENTED_EDGE('',*,*,#4782,.F.);
#5606 = ORIENTED_EDGE('',*,*,#4751,.F.);
#5607 = FACE_BOUND('',#5608,.T.);
#5608 = EDGE_LOOP('',(#5609,#5610,#5611,#5612));
#5609 = ORIENTED_EDGE('',*,*,#4919,.F.);
#5610 = ORIENTED_EDGE('',*,*,#4902,.F.);
#5611 = ORIENTED_EDGE('',*,*,#4878,.F.);
#5612 = ORIENTED_EDGE('',*,*,#4847,.F.);
#5613 = FACE_BOUND('',#5614,.T.);
#5614 = EDGE_LOOP('',(#5615,#5616,#5617,#5618));
#5615 = ORIENTED_EDGE('',*,*,#5015,.F.);
#5616 = ORIENTED_EDGE('',*,*,#4998,.F.);
#5617 = ORIENTED_EDGE('',*,*,#4974,.F.);
#5618 = ORIENTED_EDGE('',*,*,#4943,.F.);
#5619 = FACE_BOUND('',#5620,.T.);
#5620 = EDGE_LOOP('',(#5621));
#5621 = ORIENTED_EDGE('',*,*,#5622,.F.);
#5622 = EDGE_CURVE('',#5623,#5623,#5625,.T.);
#5623 = VERTEX_POINT('',#5624);
#5624 = CARTESIAN_POINT('',(7.,-108.89,4.));
#5625 = CIRCLE('',#5626,3.);
#5626 = AXIS2_PLACEMENT_3D('',#5627,#5628,#5629);
#5627 = CARTESIAN_POINT('',(4.,-108.89,4.));
#5628 = DIRECTION('',(0.,0.,1.));
#5629 = DIRECTION('',(1.,0.,0.));
#5630 = FACE_BOUND('',#5631,.T.);
#5631 = EDGE_LOOP('',(#5632,#5633,#5634,#5635));
#5632 = ORIENTED_EDGE('',*,*,#5340,.F.);
#5633 = ORIENTED_EDGE('',*,*,#5323,.F.);
#5634 = ORIENTED_EDGE('',*,*,#5299,.F.);
#5635 = ORIENTED_EDGE('',*,*,#5268,.F.);
#5636 = FACE_BOUND('',#5637,.T.);
#5637 = EDGE_LOOP('',(#5638,#5639,#5640,#5641));
#5638 = ORIENTED_EDGE('',*,*,#5436,.F.);
#5639 = ORIENTED_EDGE('',*,*,#5419,.F.);
#5640 = ORIENTED_EDGE('',*,*,#5395,.F.);
#5641 = ORIENTED_EDGE('',*,*,#5364,.F.);
#5642 = FACE_BOUND('',#5643,.T.);
#5643 = EDGE_LOOP('',(#5644,#5645,#5646,#5647));
#5644 = ORIENTED_EDGE('',*,*,#5532,.F.);
#5645 = ORIENTED_EDGE('',*,*,#5515,.F.);
#5646 = ORIENTED_EDGE('',*,*,#5491,.F.);
#5647 = ORIENTED_EDGE('',*,*,#5460,.F.);
#5648 = FACE_BOUND('',#5649,.T.);
#5649 = EDGE_LOOP('',(#5650));
#5650 = ORIENTED_EDGE('',*,*,#5651,.F.);
#5651 = EDGE_CURVE('',#5652,#5652,#5654,.T.);
#5652 = VERTEX_POINT('',#5653);
#5653 = CARTESIAN_POINT('',(135.,-108.89,4.));
#5654 = CIRCLE('',#5655,3.);
#5655 = AXIS2_PLACEMENT_3D('',#5656,#5657,#5658);
#5656 = CARTESIAN_POINT('',(132.,-108.89,4.));
#5657 = DIRECTION('',(0.,0.,1.));
#5658 = DIRECTION('',(1.,0.,0.));
#5659 = PLANE('',#5660);
#5660 = AXIS2_PLACEMENT_3D('',#5661,#5662,#5663);
#5661 = CARTESIAN_POINT('',(68.,-148.89,4.));
#5662 = DIRECTION('',(0.,0.,1.));
#5663 = DIRECTION('',(1.,0.,0.));
#5664 = ADVANCED_FACE('',(#5665,#5676),#5679,.T.);
#5665 = FACE_BOUND('',#5666,.T.);
#5666 = EDGE_LOOP('',(#5667));
#5667 = ORIENTED_EDGE('',*,*,#5668,.T.);
#5668 = EDGE_CURVE('',#5669,#5669,#5671,.T.);
#5669 = VERTEX_POINT('',#5670);
#5670 = CARTESIAN_POINT('',(7.,-188.89,2.));
#5671 = CIRCLE('',#5672,3.);
#5672 = AXIS2_PLACEMENT_3D('',#5673,#5674,#5675);
#5673 = CARTESIAN_POINT('',(4.,-188.89,2.));
#5674 = DIRECTION('',(0.,0.,1.));
#5675 = DIRECTION('',(1.,0.,0.));
#5676 = FACE_BOUND('',#5677,.T.);
#5677 = EDGE_LOOP('',(#5678));
#5678 = ORIENTED_EDGE('',*,*,#4692,.F.);
#5679 = PLANE('',#5680);
#5680 = AXIS2_PLACEMENT_3D('',#5681,#5682,#5683);
#5681 = CARTESIAN_POINT('',(68.,-148.89,2.));
#5682 = DIRECTION('',(0.,0.,1.));
#5683 = DIRECTION('',(1.,0.,0.));
#5684 = ADVANCED_FACE('',(#5685,#5696),#5699,.T.);
#5685 = FACE_BOUND('',#5686,.T.);
#5686 = EDGE_LOOP('',(#5687));
#5687 = ORIENTED_EDGE('',*,*,#5688,.T.);
#5688 = EDGE_CURVE('',#5689,#5689,#5691,.T.);
#5689 = VERTEX_POINT('',#5690);
#5690 = CARTESIAN_POINT('',(135.,-188.89,2.));
#5691 = CIRCLE('',#5692,3.);
#5692 = AXIS2_PLACEMENT_3D('',#5693,#5694,#5695);
#5693 = CARTESIAN_POINT('',(132.,-188.89,2.));
#5694 = DIRECTION('',(0.,0.,1.));
#5695 = DIRECTION('',(1.,0.,0.));
#5696 = FACE_BOUND('',#5697,.T.);
#5697 = EDGE_LOOP('',(#5698));
#5698 = ORIENTED_EDGE('',*,*,#4717,.F.);
#5699 = PLANE('',#5700);
#5700 = AXIS2_PLACEMENT_3D('',#5701,#5702,#5703);
#5701 = CARTESIAN_POINT('',(68.,-148.89,2.));
#5702 = DIRECTION('',(0.,0.,1.));
#5703 = DIRECTION('',(1.,0.,0.));
#5704 = ADVANCED_FACE('',(#5705),#5730,.F.);
#5705 = FACE_BOUND('',#5706,.F.);
#5706 = EDGE_LOOP('',(#5707,#5715,#5723,#5729));
#5707 = ORIENTED_EDGE('',*,*,#5708,.T.);
#5708 = EDGE_CURVE('',#5031,#5709,#5711,.T.);
#5709 = VERTEX_POINT('',#5710);
#5710 = CARTESIAN_POINT('',(47.,-144.89,-28.));
#5711 = LINE('',#5712,#5713);
#5712 = CARTESIAN_POINT('',(47.,-144.89,0.));
#5713 = VECTOR('',#5714,1.);
#5714 = DIRECTION('',(0.,0.,-1.));
#5715 = ORIENTED_EDGE('',*,*,#5716,.T.);
#5716 = EDGE_CURVE('',#5709,#5717,#5719,.T.);
#5717 = VERTEX_POINT('',#5718);
#5718 = CARTESIAN_POINT('',(47.,-152.89,-28.));
#5719 = LINE('',#5720,#5721);
#5720 = CARTESIAN_POINT('',(47.,-144.89,-28.));
#5721 = VECTOR('',#5722,1.);
#5722 = DIRECTION('',(0.,-1.,0.));
#5723 = ORIENTED_EDGE('',*,*,#5724,.F.);
#5724 = EDGE_CURVE('',#5040,#5717,#5725,.T.);
#5725 = LINE('',#5726,#5727);
#5726 = CARTESIAN_POINT('',(47.,-152.89,0.));
#5727 = VECTOR('',#5728,1.);
#5728 = DIRECTION('',(0.,0.,-1.));
#5729 = ORIENTED_EDGE('',*,*,#5039,.F.);
#5730 = PLANE('',#5731);
#5731 = AXIS2_PLACEMENT_3D('',#5732,#5733,#5734);
#5732 = CARTESIAN_POINT('',(47.,-144.89,0.));
#5733 = DIRECTION('',(-1.,-0.,-0.));
#5734 = DIRECTION('',(0.,-1.,0.));
#5735 = ADVANCED_FACE('',(#5736),#5755,.T.);
#5736 = FACE_BOUND('',#5737,.F.);
#5737 = EDGE_LOOP('',(#5738,#5746,#5753,#5754));
#5738 = ORIENTED_EDGE('',*,*,#5739,.T.);
#5739 = EDGE_CURVE('',#5064,#5740,#5742,.T.);
#5740 = VERTEX_POINT('',#5741);
#5741 = CARTESIAN_POINT('',(43.,-140.89,-28.));
#5742 = LINE('',#5743,#5744);
#5743 = CARTESIAN_POINT('',(43.,-140.89,0.));
#5744 = VECTOR('',#5745,1.);
#5745 = DIRECTION('',(0.,0.,-1.));
#5746 = ORIENTED_EDGE('',*,*,#5747,.T.);
#5747 = EDGE_CURVE('',#5740,#5709,#5748,.T.);
#5748 = CIRCLE('',#5749,4.);
#5749 = AXIS2_PLACEMENT_3D('',#5750,#5751,#5752);
#5750 = CARTESIAN_POINT('',(43.,-144.89,-28.));
#5751 = DIRECTION('',(-0.,-0.,-1.));
#5752 = DIRECTION('',(0.,-1.,0.));
#5753 = ORIENTED_EDGE('',*,*,#5708,.F.);
#5754 = ORIENTED_EDGE('',*,*,#5074,.F.);
#5755 = CYLINDRICAL_SURFACE('',#5756,4.);
#5756 = AXIS2_PLACEMENT_3D('',#5757,#5758,#5759);
#5757 = CARTESIAN_POINT('',(43.,-144.89,0.));
#5758 = DIRECTION('',(0.,0.,1.));
#5759 = DIRECTION('',(0.,-1.,0.));
#5760 = ADVANCED_FACE('',(#5761),#5780,.T.);
#5761 = FACE_BOUND('',#5762,.F.);
#5762 = EDGE_LOOP('',(#5763,#5764,#5773,#5779));
#5763 = ORIENTED_EDGE('',*,*,#5724,.T.);
#5764 = ORIENTED_EDGE('',*,*,#5765,.T.);
#5765 = EDGE_CURVE('',#5717,#5766,#5768,.T.);
#5766 = VERTEX_POINT('',#5767);
#5767 = CARTESIAN_POINT('',(43.,-156.89,-28.));
#5768 = CIRCLE('',#5769,4.);
#5769 = AXIS2_PLACEMENT_3D('',#5770,#5771,#5772);
#5770 = CARTESIAN_POINT('',(43.,-152.89,-28.));
#5771 = DIRECTION('',(-0.,0.,-1.));
#5772 = DIRECTION('',(-1.,0.,0.));
#5773 = ORIENTED_EDGE('',*,*,#5774,.F.);
#5774 = EDGE_CURVE('',#5092,#5766,#5775,.T.);
#5775 = LINE('',#5776,#5777);
#5776 = CARTESIAN_POINT('',(43.,-156.89,0.));
#5777 = VECTOR('',#5778,1.);
#5778 = DIRECTION('',(0.,0.,-1.));
#5779 = ORIENTED_EDGE('',*,*,#5100,.F.);
#5780 = CYLINDRICAL_SURFACE('',#5781,4.);
#5781 = AXIS2_PLACEMENT_3D('',#5782,#5783,#5784);
#5782 = CARTESIAN_POINT('',(43.,-152.89,0.));
#5783 = DIRECTION('',(0.,0.,1.));
#5784 = DIRECTION('',(-1.,0.,0.));
#5785 = ADVANCED_FACE('',(#5786),#5804,.F.);
#5786 = FACE_BOUND('',#5787,.F.);
#5787 = EDGE_LOOP('',(#5788,#5796,#5802,#5803));
#5788 = ORIENTED_EDGE('',*,*,#5789,.T.);
#5789 = EDGE_CURVE('',#5116,#5790,#5792,.T.);
#5790 = VERTEX_POINT('',#5791);
#5791 = CARTESIAN_POINT('',(35.,-140.89,-28.));
#5792 = LINE('',#5793,#5794);
#5793 = CARTESIAN_POINT('',(35.,-140.89,0.));
#5794 = VECTOR('',#5795,1.);
#5795 = DIRECTION('',(0.,0.,-1.));
#5796 = ORIENTED_EDGE('',*,*,#5797,.T.);
#5797 = EDGE_CURVE('',#5790,#5740,#5798,.T.);
#5798 = LINE('',#5799,#5800);
#5799 = CARTESIAN_POINT('',(35.,-140.89,-28.));
#5800 = VECTOR('',#5801,1.);
#5801 = DIRECTION('',(1.,0.,0.));
#5802 = ORIENTED_EDGE('',*,*,#5739,.F.);
#5803 = ORIENTED_EDGE('',*,*,#5124,.F.);
#5804 = PLANE('',#5805);
#5805 = AXIS2_PLACEMENT_3D('',#5806,#5807,#5808);
#5806 = CARTESIAN_POINT('',(35.,-140.89,0.));
#5807 = DIRECTION('',(0.,-1.,0.));
#5808 = DIRECTION('',(1.,0.,0.));
#5809 = ADVANCED_FACE('',(#5810),#5828,.F.);
#5810 = FACE_BOUND('',#5811,.F.);
#5811 = EDGE_LOOP('',(#5812,#5813,#5821,#5827));
#5812 = ORIENTED_EDGE('',*,*,#5774,.T.);
#5813 = ORIENTED_EDGE('',*,*,#5814,.T.);
#5814 = EDGE_CURVE('',#5766,#5815,#5817,.T.);
#5815 = VERTEX_POINT('',#5816);
#5816 = CARTESIAN_POINT('',(35.,-156.89,-28.));
#5817 = LINE('',#5818,#5819);
#5818 = CARTESIAN_POINT('',(43.,-156.89,-28.));
#5819 = VECTOR('',#5820,1.);
#5820 = DIRECTION('',(-1.,0.,0.));
#5821 = ORIENTED_EDGE('',*,*,#5822,.F.);
#5822 = EDGE_CURVE('',#5142,#5815,#5823,.T.);
#5823 = LINE('',#5824,#5825);
#5824 = CARTESIAN_POINT('',(35.,-156.89,0.));
#5825 = VECTOR('',#5826,1.);
#5826 = DIRECTION('',(0.,0.,-1.));
#5827 = ORIENTED_EDGE('',*,*,#5141,.F.);
#5828 = PLANE('',#5829);
#5829 = AXIS2_PLACEMENT_3D('',#5830,#5831,#5832);
#5830 = CARTESIAN_POINT('',(43.,-156.89,0.));
#5831 = DIRECTION('',(0.,1.,0.));
#5832 = DIRECTION('',(-1.,0.,0.));
#5833 = ADVANCED_FACE('',(#5834),#5853,.T.);
#5834 = FACE_BOUND('',#5835,.F.);
#5835 = EDGE_LOOP('',(#5836,#5844,#5851,#5852));
#5836 = ORIENTED_EDGE('',*,*,#5837,.T.);
#5837 = EDGE_CURVE('',#5166,#5838,#5840,.T.);
#5838 = VERTEX_POINT('',#5839);
#5839 = CARTESIAN_POINT('',(31.,-144.89,-28.));
#5840 = LINE('',#5841,#5842);
#5841 = CARTESIAN_POINT('',(31.,-144.89,0.));
#5842 = VECTOR('',#5843,1.);
#5843 = DIRECTION('',(0.,0.,-1.));
#5844 = ORIENTED_EDGE('',*,*,#5845,.T.);
#5845 = EDGE_CURVE('',#5838,#5790,#5846,.T.);
#5846 = CIRCLE('',#5847,4.);
#5847 = AXIS2_PLACEMENT_3D('',#5848,#5849,#5850);
#5848 = CARTESIAN_POINT('',(35.,-144.89,-28.));
#5849 = DIRECTION('',(0.,0.,-1.));
#5850 = DIRECTION('',(1.,0.,0.));
#5851 = ORIENTED_EDGE('',*,*,#5789,.F.);
#5852 = ORIENTED_EDGE('',*,*,#5176,.F.);
#5853 = CYLINDRICAL_SURFACE('',#5854,4.);
#5854 = AXIS2_PLACEMENT_3D('',#5855,#5856,#5857);
#5855 = CARTESIAN_POINT('',(35.,-144.89,0.));
#5856 = DIRECTION('',(0.,0.,1.));
#5857 = DIRECTION('',(1.,0.,0.));
#5858 = ADVANCED_FACE('',(#5859),#5878,.T.);
#5859 = FACE_BOUND('',#5860,.F.);
#5860 = EDGE_LOOP('',(#5861,#5862,#5871,#5877));
#5861 = ORIENTED_EDGE('',*,*,#5822,.T.);
#5862 = ORIENTED_EDGE('',*,*,#5863,.T.);
#5863 = EDGE_CURVE('',#5815,#5864,#5866,.T.);
#5864 = VERTEX_POINT('',#5865);
#5865 = CARTESIAN_POINT('',(31.,-152.89,-28.));
#5866 = CIRCLE('',#5867,4.);
#5867 = AXIS2_PLACEMENT_3D('',#5868,#5869,#5870);
#5868 = CARTESIAN_POINT('',(35.,-152.89,-28.));
#5869 = DIRECTION('',(0.,0.,-1.));
#5870 = DIRECTION('',(0.,1.,0.));
#5871 = ORIENTED_EDGE('',*,*,#5872,.F.);
#5872 = EDGE_CURVE('',#5194,#5864,#5873,.T.);
#5873 = LINE('',#5874,#5875);
#5874 = CARTESIAN_POINT('',(31.,-152.89,0.));
#5875 = VECTOR('',#5876,1.);
#5876 = DIRECTION('',(0.,0.,-1.));
#5877 = ORIENTED_EDGE('',*,*,#5202,.F.);
#5878 = CYLINDRICAL_SURFACE('',#5879,4.);
#5879 = AXIS2_PLACEMENT_3D('',#5880,#5881,#5882);
#5880 = CARTESIAN_POINT('',(35.,-152.89,0.));
#5881 = DIRECTION('',(0.,0.,1.));
#5882 = DIRECTION('',(0.,1.,0.));
#5883 = ADVANCED_FACE('',(#5884),#5895,.F.);
#5884 = FACE_BOUND('',#5885,.F.);
#5885 = EDGE_LOOP('',(#5886,#5887,#5893,#5894));
#5886 = ORIENTED_EDGE('',*,*,#5872,.T.);
#5887 = ORIENTED_EDGE('',*,*,#5888,.T.);
#5888 = EDGE_CURVE('',#5864,#5838,#5889,.T.);
#5889 = LINE('',#5890,#5891);
#5890 = CARTESIAN_POINT('',(31.,-152.89,-28.));
#5891 = VECTOR('',#5892,1.);
#5892 = DIRECTION('',(0.,1.,0.));
#5893 = ORIENTED_EDGE('',*,*,#5837,.F.);
#5894 = ORIENTED_EDGE('',*,*,#5218,.F.);
#5895 = PLANE('',#5896);
#5896 = AXIS2_PLACEMENT_3D('',#5897,#5898,#5899);
#5897 = CARTESIAN_POINT('',(31.,-152.89,0.));
#5898 = DIRECTION('',(1.,0.,0.));
#5899 = DIRECTION('',(0.,1.,0.));
#5900 = ADVANCED_FACE('',(#5901,#5912),#5915,.T.);
#5901 = FACE_BOUND('',#5902,.T.);
#5902 = EDGE_LOOP('',(#5903));
#5903 = ORIENTED_EDGE('',*,*,#5904,.T.);
#5904 = EDGE_CURVE('',#5905,#5905,#5907,.T.);
#5905 = VERTEX_POINT('',#5906);
#5906 = CARTESIAN_POINT('',(7.,-108.89,2.));
#5907 = CIRCLE('',#5908,3.);
#5908 = AXIS2_PLACEMENT_3D('',#5909,#5910,#5911);
#5909 = CARTESIAN_POINT('',(4.,-108.89,2.));
#5910 = DIRECTION('',(0.,0.,1.));
#5911 = DIRECTION('',(1.,0.,0.));
#5912 = FACE_BOUND('',#5913,.T.);
#5913 = EDGE_LOOP('',(#5914));
#5914 = ORIENTED_EDGE('',*,*,#5234,.F.);
#5915 = PLANE('',#5916);
#5916 = AXIS2_PLACEMENT_3D('',#5917,#5918,#5919);
#5917 = CARTESIAN_POINT('',(68.,-148.89,2.));
#5918 = DIRECTION('',(0.,0.,1.));
#5919 = DIRECTION('',(1.,0.,0.));
#5920 = ADVANCED_FACE('',(#5921,#5932),#5935,.T.);
#5921 = FACE_BOUND('',#5922,.T.);
#5922 = EDGE_LOOP('',(#5923));
#5923 = ORIENTED_EDGE('',*,*,#5924,.T.);
#5924 = EDGE_CURVE('',#5925,#5925,#5927,.T.);
#5925 = VERTEX_POINT('',#5926);
#5926 = CARTESIAN_POINT('',(135.,-108.89,2.));
#5927 = CIRCLE('',#5928,3.);
#5928 = AXIS2_PLACEMENT_3D('',#5929,#5930,#5931);
#5929 = CARTESIAN_POINT('',(132.,-108.89,2.));
#5930 = DIRECTION('',(0.,0.,1.));
#5931 = DIRECTION('',(1.,0.,0.));
#5932 = FACE_BOUND('',#5933,.T.);
#5933 = EDGE_LOOP('',(#5934));
#5934 = ORIENTED_EDGE('',*,*,#5547,.F.);
#5935 = PLANE('',#5936);
#5936 = AXIS2_PLACEMENT_3D('',#5937,#5938,#5939);
#5937 = CARTESIAN_POINT('',(68.,-148.89,2.));
#5938 = DIRECTION('',(0.,0.,1.));
#5939 = DIRECTION('',(1.,0.,0.));
#5940 = ADVANCED_FACE('',(#5941),#5952,.F.);
#5941 = FACE_BOUND('',#5942,.F.);
#5942 = EDGE_LOOP('',(#5943,#5949,#5950,#5951));
#5943 = ORIENTED_EDGE('',*,*,#5944,.T.);
#5944 = EDGE_CURVE('',#5583,#5669,#5945,.T.);
#5945 = LINE('',#5946,#5947);
#5946 = CARTESIAN_POINT('',(7.,-188.89,4.));
#5947 = VECTOR('',#5948,1.);
#5948 = DIRECTION('',(-0.,-0.,-1.));
#5949 = ORIENTED_EDGE('',*,*,#5668,.T.);
#5950 = ORIENTED_EDGE('',*,*,#5944,.F.);
#5951 = ORIENTED_EDGE('',*,*,#5582,.F.);
#5952 = CYLINDRICAL_SURFACE('',#5953,3.);
#5953 = AXIS2_PLACEMENT_3D('',#5954,#5955,#5956);
#5954 = CARTESIAN_POINT('',(4.,-188.89,4.));
#5955 = DIRECTION('',(0.,0.,1.));
#5956 = DIRECTION('',(1.,0.,0.));
#5957 = ADVANCED_FACE('',(#5958),#5969,.F.);
#5958 = FACE_BOUND('',#5959,.F.);
#5959 = EDGE_LOOP('',(#5960,#5966,#5967,#5968));
#5960 = ORIENTED_EDGE('',*,*,#5961,.T.);
#5961 = EDGE_CURVE('',#5594,#5689,#5962,.T.);
#5962 = LINE('',#5963,#5964);
#5963 = CARTESIAN_POINT('',(135.,-188.89,4.));
#5964 = VECTOR('',#5965,1.);
#5965 = DIRECTION('',(-0.,-0.,-1.));
#5966 = ORIENTED_EDGE('',*,*,#5688,.T.);
#5967 = ORIENTED_EDGE('',*,*,#5961,.F.);
#5968 = ORIENTED_EDGE('',*,*,#5593,.F.);
#5969 = CYLINDRICAL_SURFACE('',#5970,3.);
#5970 = AXIS2_PLACEMENT_3D('',#5971,#5972,#5973);
#5971 = CARTESIAN_POINT('',(132.,-188.89,4.));
#5972 = DIRECTION('',(0.,0.,1.));
#5973 = DIRECTION('',(1.,0.,0.));
#5974 = ADVANCED_FACE('',(#5975),#5986,.F.);
#5975 = FACE_BOUND('',#5976,.F.);
#5976 = EDGE_LOOP('',(#5977,#5983,#5984,#5985));
#5977 = ORIENTED_EDGE('',*,*,#5978,.T.);
#5978 = EDGE_CURVE('',#5623,#5905,#5979,.T.);
#5979 = LINE('',#5980,#5981);
#5980 = CARTESIAN_POINT('',(7.,-108.89,4.));
#5981 = VECTOR('',#5982,1.);
#5982 = DIRECTION('',(-0.,-0.,-1.));
#5983 = ORIENTED_EDGE('',*,*,#5904,.T.);
#5984 = ORIENTED_EDGE('',*,*,#5978,.F.);
#5985 = ORIENTED_EDGE('',*,*,#5622,.F.);
#5986 = CYLINDRICAL_SURFACE('',#5987,3.);
#5987 = AXIS2_PLACEMENT_3D('',#5988,#5989,#5990);
#5988 = CARTESIAN_POINT('',(4.,-108.89,4.));
#5989 = DIRECTION('',(0.,0.,1.));
#5990 = DIRECTION('',(1.,0.,0.));
#5991 = ADVANCED_FACE('',(#5992),#6003,.F.);
#5992 = FACE_BOUND('',#5993,.F.);
#5993 = EDGE_LOOP('',(#5994,#6000,#6001,#6002));
#5994 = ORIENTED_EDGE('',*,*,#5995,.T.);
#5995 = EDGE_CURVE('',#5652,#5925,#5996,.T.);
#5996 = LINE('',#5997,#5998);
#5997 = CARTESIAN_POINT('',(135.,-108.89,4.));
#5998 = VECTOR('',#5999,1.);
#5999 = DIRECTION('',(-0.,-0.,-1.));
#6000 = ORIENTED_EDGE('',*,*,#5924,.T.);
#6001 = ORIENTED_EDGE('',*,*,#5995,.F.);
#6002 = ORIENTED_EDGE('',*,*,#5651,.F.);
#6003 = CYLINDRICAL_SURFACE('',#6004,3.);
#6004 = AXIS2_PLACEMENT_3D('',#6005,#6006,#6007);
#6005 = CARTESIAN_POINT('',(132.,-108.89,4.));
#6006 = DIRECTION('',(0.,0.,1.));
#6007 = DIRECTION('',(1.,0.,0.));
#6008 = ADVANCED_FACE('',(#6009,#6019),#6053,.F.);
#6009 = FACE_BOUND('',#6010,.T.);
#6010 = EDGE_LOOP('',(#6011,#6012,#6013,#6014,#6015,#6016,#6017,#6018));
#6011 = ORIENTED_EDGE('',*,*,#5888,.T.);
#6012 = ORIENTED_EDGE('',*,*,#5845,.T.);
#6013 = ORIENTED_EDGE('',*,*,#5797,.T.);
#6014 = ORIENTED_EDGE('',*,*,#5747,.T.);
#6015 = ORIENTED_EDGE('',*,*,#5716,.T.);
#6016 = ORIENTED_EDGE('',*,*,#5765,.T.);
#6017 = ORIENTED_EDGE('',*,*,#5814,.T.);
#6018 = ORIENTED_EDGE('',*,*,#5863,.T.);
#6019 = FACE_BOUND('',#6020,.F.);
#6020 = EDGE_LOOP('',(#6021,#6031,#6039,#6047));
#6021 = ORIENTED_EDGE('',*,*,#6022,.T.);
#6022 = EDGE_CURVE('',#6023,#6025,#6027,.T.);
#6023 = VERTEX_POINT('',#6024);
#6024 = CARTESIAN_POINT('',(35.,-144.89,-28.));
#6025 = VERTEX_POINT('',#6026);
#6026 = CARTESIAN_POINT('',(43.,-144.89,-28.));
#6027 = LINE('',#6028,#6029);
#6028 = CARTESIAN_POINT('',(35.,-144.89,-28.));
#6029 = VECTOR('',#6030,1.);
#6030 = DIRECTION('',(1.,0.,0.));
#6031 = ORIENTED_EDGE('',*,*,#6032,.T.);
#6032 = EDGE_CURVE('',#6025,#6033,#6035,.T.);
#6033 = VERTEX_POINT('',#6034);
#6034 = CARTESIAN_POINT('',(43.,-152.89,-28.));
#6035 = LINE('',#6036,#6037);
#6036 = CARTESIAN_POINT('',(43.,-144.89,-28.));
#6037 = VECTOR('',#6038,1.);
#6038 = DIRECTION('',(0.,-1.,0.));
#6039 = ORIENTED_EDGE('',*,*,#6040,.T.);
#6040 = EDGE_CURVE('',#6033,#6041,#6043,.T.);
#6041 = VERTEX_POINT('',#6042);
#6042 = CARTESIAN_POINT('',(35.,-152.89,-28.));
#6043 = LINE('',#6044,#6045);
#6044 = CARTESIAN_POINT('',(43.,-152.89,-28.));
#6045 = VECTOR('',#6046,1.);
#6046 = DIRECTION('',(-1.,0.,0.));
#6047 = ORIENTED_EDGE('',*,*,#6048,.T.);
#6048 = EDGE_CURVE('',#6041,#6023,#6049,.T.);
#6049 = LINE('',#6050,#6051);
#6050 = CARTESIAN_POINT('',(35.,-152.89,-28.));
#6051 = VECTOR('',#6052,1.);
#6052 = DIRECTION('',(0.,1.,0.));
#6053 = PLANE('',#6054);
#6054 = AXIS2_PLACEMENT_3D('',#6055,#6056,#6057);
#6055 = CARTESIAN_POINT('',(39.,-148.89,-28.));
#6056 = DIRECTION('',(0.,0.,1.));
#6057 = DIRECTION('',(1.,0.,0.));
#6058 = ADVANCED_FACE('',(#6059),#6084,.T.);
#6059 = FACE_BOUND('',#6060,.T.);
#6060 = EDGE_LOOP('',(#6061,#6069,#6070,#6078));
#6061 = ORIENTED_EDGE('',*,*,#6062,.T.);
#6062 = EDGE_CURVE('',#6063,#6023,#6065,.T.);
#6063 = VERTEX_POINT('',#6064);
#6064 = CARTESIAN_POINT('',(35.,-144.89,-2.));
#6065 = LINE('',#6066,#6067);
#6066 = CARTESIAN_POINT('',(35.,-144.89,0.));
#6067 = VECTOR('',#6068,1.);
#6068 = DIRECTION('',(0.,0.,-1.));
#6069 = ORIENTED_EDGE('',*,*,#6022,.T.);
#6070 = ORIENTED_EDGE('',*,*,#6071,.F.);
#6071 = EDGE_CURVE('',#6072,#6025,#6074,.T.);
#6072 = VERTEX_POINT('',#6073);
#6073 = CARTESIAN_POINT('',(43.,-144.89,-2.));
#6074 = LINE('',#6075,#6076);
#6075 = CARTESIAN_POINT('',(43.,-144.89,0.));
#6076 = VECTOR('',#6077,1.);
#6077 = DIRECTION('',(0.,0.,-1.));
#6078 = ORIENTED_EDGE('',*,*,#6079,.F.);
#6079 = EDGE_CURVE('',#6063,#6072,#6080,.T.);
#6080 = LINE('',#6081,#6082);
#6081 = CARTESIAN_POINT('',(35.,-144.89,-2.));
#6082 = VECTOR('',#6083,1.);
#6083 = DIRECTION('',(1.,0.,0.));
#6084 = PLANE('',#6085);
#6085 = AXIS2_PLACEMENT_3D('',#6086,#6087,#6088);
#6086 = CARTESIAN_POINT('',(35.,-144.89,0.));
#6087 = DIRECTION('',(0.,-1.,0.));
#6088 = DIRECTION('',(1.,0.,0.));
#6089 = ADVANCED_FACE('',(#6090),#6108,.T.);
#6090 = FACE_BOUND('',#6091,.T.);
#6091 = EDGE_LOOP('',(#6092,#6093,#6094,#6102));
#6092 = ORIENTED_EDGE('',*,*,#6071,.T.);
#6093 = ORIENTED_EDGE('',*,*,#6032,.T.);
#6094 = ORIENTED_EDGE('',*,*,#6095,.F.);
#6095 = EDGE_CURVE('',#6096,#6033,#6098,.T.);
#6096 = VERTEX_POINT('',#6097);
#6097 = CARTESIAN_POINT('',(43.,-152.89,-2.));
#6098 = LINE('',#6099,#6100);
#6099 = CARTESIAN_POINT('',(43.,-152.89,0.));
#6100 = VECTOR('',#6101,1.);
#6101 = DIRECTION('',(0.,0.,-1.));
#6102 = ORIENTED_EDGE('',*,*,#6103,.F.);
#6103 = EDGE_CURVE('',#6072,#6096,#6104,.T.);
#6104 = LINE('',#6105,#6106);
#6105 = CARTESIAN_POINT('',(43.,-144.89,-2.));
#6106 = VECTOR('',#6107,1.);
#6107 = DIRECTION('',(0.,-1.,0.));
#6108 = PLANE('',#6109);
#6109 = AXIS2_PLACEMENT_3D('',#6110,#6111,#6112);
#6110 = CARTESIAN_POINT('',(43.,-144.89,0.));
#6111 = DIRECTION('',(-1.,-0.,-0.));
#6112 = DIRECTION('',(0.,-1.,0.));
#6113 = ADVANCED_FACE('',(#6114),#6132,.T.);
#6114 = FACE_BOUND('',#6115,.T.);
#6115 = EDGE_LOOP('',(#6116,#6117,#6118,#6126));
#6116 = ORIENTED_EDGE('',*,*,#6095,.T.);
#6117 = ORIENTED_EDGE('',*,*,#6040,.T.);
#6118 = ORIENTED_EDGE('',*,*,#6119,.F.);
#6119 = EDGE_CURVE('',#6120,#6041,#6122,.T.);
#6120 = VERTEX_POINT('',#6121);
#6121 = CARTESIAN_POINT('',(35.,-152.89,-2.));
#6122 = LINE('',#6123,#6124);
#6123 = CARTESIAN_POINT('',(35.,-152.89,0.));
#6124 = VECTOR('',#6125,1.);
#6125 = DIRECTION('',(0.,0.,-1.));
#6126 = ORIENTED_EDGE('',*,*,#6127,.F.);
#6127 = EDGE_CURVE('',#6096,#6120,#6128,.T.);
#6128 = LINE('',#6129,#6130);
#6129 = CARTESIAN_POINT('',(43.,-152.89,-2.));
#6130 = VECTOR('',#6131,1.);
#6131 = DIRECTION('',(-1.,0.,0.));
#6132 = PLANE('',#6133);
#6133 = AXIS2_PLACEMENT_3D('',#6134,#6135,#6136);
#6134 = CARTESIAN_POINT('',(43.,-152.89,0.));
#6135 = DIRECTION('',(0.,1.,0.));
#6136 = DIRECTION('',(-1.,0.,0.));
#6137 = ADVANCED_FACE('',(#6138),#6149,.T.);
#6138 = FACE_BOUND('',#6139,.T.);
#6139 = EDGE_LOOP('',(#6140,#6141,#6142,#6143));
#6140 = ORIENTED_EDGE('',*,*,#6119,.T.);
#6141 = ORIENTED_EDGE('',*,*,#6048,.T.);
#6142 = ORIENTED_EDGE('',*,*,#6062,.F.);
#6143 = ORIENTED_EDGE('',*,*,#6144,.F.);
#6144 = EDGE_CURVE('',#6120,#6063,#6145,.T.);
#6145 = LINE('',#6146,#6147);
#6146 = CARTESIAN_POINT('',(35.,-152.89,-2.));
#6147 = VECTOR('',#6148,1.);
#6148 = DIRECTION('',(0.,1.,0.));
#6149 = PLANE('',#6150);
#6150 = AXIS2_PLACEMENT_3D('',#6151,#6152,#6153);
#6151 = CARTESIAN_POINT('',(35.,-152.89,0.));
#6152 = DIRECTION('',(1.,0.,0.));
#6153 = DIRECTION('',(0.,1.,0.));
#6154 = ADVANCED_FACE('',(#6155),#6182,.F.);
#6155 = FACE_BOUND('',#6156,.F.);
#6156 = EDGE_LOOP('',(#6157,#6166,#6174,#6181));
#6157 = ORIENTED_EDGE('',*,*,#6158,.T.);
#6158 = EDGE_CURVE('',#6063,#6159,#6161,.T.);
#6159 = VERTEX_POINT('',#6160);
#6160 = CARTESIAN_POINT('',(37.,-146.89,0.));
#6161 = ELLIPSE('',#6162,2.828427124746,2.);
#6162 = AXIS2_PLACEMENT_3D('',#6163,#6164,#6165);
#6163 = CARTESIAN_POINT('',(37.,-146.89,-2.));
#6164 = DIRECTION('',(0.707106781187,0.707106781187,0.));
#6165 = DIRECTION('',(0.707106781187,-0.707106781187,0.));
#6166 = ORIENTED_EDGE('',*,*,#6167,.T.);
#6167 = EDGE_CURVE('',#6159,#6168,#6170,.T.);
#6168 = VERTEX_POINT('',#6169);
#6169 = CARTESIAN_POINT('',(41.,-146.89,0.));
#6170 = LINE('',#6171,#6172);
#6171 = CARTESIAN_POINT('',(35.,-146.89,4.4E-16));
#6172 = VECTOR('',#6173,1.);
#6173 = DIRECTION('',(1.,0.,0.));
#6174 = ORIENTED_EDGE('',*,*,#6175,.F.);
#6175 = EDGE_CURVE('',#6072,#6168,#6176,.T.);
#6176 = ELLIPSE('',#6177,2.828427124746,2.);
#6177 = AXIS2_PLACEMENT_3D('',#6178,#6179,#6180);
#6178 = CARTESIAN_POINT('',(41.,-146.89,-2.));
#6179 = DIRECTION('',(0.707106781187,-0.707106781187,0.));
#6180 = DIRECTION('',(0.707106781187,0.707106781187,0.));
#6181 = ORIENTED_EDGE('',*,*,#6079,.F.);
#6182 = CYLINDRICAL_SURFACE('',#6183,2.);
#6183 = AXIS2_PLACEMENT_3D('',#6184,#6185,#6186);
#6184 = CARTESIAN_POINT('',(35.,-146.89,-2.));
#6185 = DIRECTION('',(1.,0.,0.));
#6186 = DIRECTION('',(0.,1.,0.));
#6187 = ADVANCED_FACE('',(#6188),#6207,.F.);
#6188 = FACE_BOUND('',#6189,.F.);
#6189 = EDGE_LOOP('',(#6190,#6191,#6199,#6206));
#6190 = ORIENTED_EDGE('',*,*,#6175,.T.);
#6191 = ORIENTED_EDGE('',*,*,#6192,.T.);
#6192 = EDGE_CURVE('',#6168,#6193,#6195,.T.);
#6193 = VERTEX_POINT('',#6194);
#6194 = CARTESIAN_POINT('',(41.,-150.89,0.));
#6195 = LINE('',#6196,#6197);
#6196 = CARTESIAN_POINT('',(41.,-144.89,4.4E-16));
#6197 = VECTOR('',#6198,1.);
#6198 = DIRECTION('',(0.,-1.,0.));
#6199 = ORIENTED_EDGE('',*,*,#6200,.F.);
#6200 = EDGE_CURVE('',#6096,#6193,#6201,.T.);
#6201 = ELLIPSE('',#6202,2.828427124746,2.);
#6202 = AXIS2_PLACEMENT_3D('',#6203,#6204,#6205);
#6203 = CARTESIAN_POINT('',(41.,-150.89,-2.));
#6204 = DIRECTION('',(-0.707106781187,-0.707106781187,0.));
#6205 = DIRECTION('',(0.707106781187,-0.707106781187,0.));
#6206 = ORIENTED_EDGE('',*,*,#6103,.F.);
#6207 = CYLINDRICAL_SURFACE('',#6208,2.);
#6208 = AXIS2_PLACEMENT_3D('',#6209,#6210,#6211);
#6209 = CARTESIAN_POINT('',(41.,-144.89,-2.));
#6210 = DIRECTION('',(0.,-1.,0.));
#6211 = DIRECTION('',(1.,0.,0.));
#6212 = ADVANCED_FACE('',(#6213),#6232,.F.);
#6213 = FACE_BOUND('',#6214,.F.);
#6214 = EDGE_LOOP('',(#6215,#6216,#6224,#6231));
#6215 = ORIENTED_EDGE('',*,*,#6200,.T.);
#6216 = ORIENTED_EDGE('',*,*,#6217,.T.);
#6217 = EDGE_CURVE('',#6193,#6218,#6220,.T.);
#6218 = VERTEX_POINT('',#6219);
#6219 = CARTESIAN_POINT('',(37.,-150.89,0.));
#6220 = LINE('',#6221,#6222);
#6221 = CARTESIAN_POINT('',(43.,-150.89,4.4E-16));
#6222 = VECTOR('',#6223,1.);
#6223 = DIRECTION('',(-1.,0.,0.));
#6224 = ORIENTED_EDGE('',*,*,#6225,.F.);
#6225 = EDGE_CURVE('',#6120,#6218,#6226,.T.);
#6226 = ELLIPSE('',#6227,2.828427124746,2.);
#6227 = AXIS2_PLACEMENT_3D('',#6228,#6229,#6230);
#6228 = CARTESIAN_POINT('',(37.,-150.89,-2.));
#6229 = DIRECTION('',(-0.707106781187,0.707106781187,0.));
#6230 = DIRECTION('',(0.707106781187,0.707106781187,0.));
#6231 = ORIENTED_EDGE('',*,*,#6127,.F.);
#6232 = CYLINDRICAL_SURFACE('',#6233,2.);
#6233 = AXIS2_PLACEMENT_3D('',#6234,#6235,#6236);
#6234 = CARTESIAN_POINT('',(43.,-150.89,-2.));
#6235 = DIRECTION('',(-1.,0.,0.));
#6236 = DIRECTION('',(0.,-1.,0.));
#6237 = ADVANCED_FACE('',(#6238),#6249,.F.);
#6238 = FACE_BOUND('',#6239,.F.);
#6239 = EDGE_LOOP('',(#6240,#6241,#6247,#6248));
#6240 = ORIENTED_EDGE('',*,*,#6225,.T.);
#6241 = ORIENTED_EDGE('',*,*,#6242,.T.);
#6242 = EDGE_CURVE('',#6218,#6159,#6243,.T.);
#6243 = LINE('',#6244,#6245);
#6244 = CARTESIAN_POINT('',(37.,-152.89,4.4E-16));
#6245 = VECTOR('',#6246,1.);
#6246 = DIRECTION('',(0.,1.,0.));
#6247 = ORIENTED_EDGE('',*,*,#6158,.F.);
#6248 = ORIENTED_EDGE('',*,*,#6144,.F.);
#6249 = CYLINDRICAL_SURFACE('',#6250,2.);
#6250 = AXIS2_PLACEMENT_3D('',#6251,#6252,#6253);
#6251 = CARTESIAN_POINT('',(37.,-152.89,-2.));
#6252 = DIRECTION('',(0.,1.,0.));
#6253 = DIRECTION('',(-1.,0.,0.));
#6254 = ADVANCED_FACE('',(#6255),#6261,.F.);
#6255 = FACE_BOUND('',#6256,.F.);
#6256 = EDGE_LOOP('',(#6257,#6258,#6259,#6260));
#6257 = ORIENTED_EDGE('',*,*,#6167,.F.);
#6258 = ORIENTED_EDGE('',*,*,#6242,.F.);
#6259 = ORIENTED_EDGE('',*,*,#6217,.F.);
#6260 = ORIENTED_EDGE('',*,*,#6192,.F.);
#6261 = PLANE('',#6262);
#6262 = AXIS2_PLACEMENT_3D('',#6263,#6264,#6265);
#6263 = CARTESIAN_POINT('',(68.,-148.89,0.));
#6264 = DIRECTION('',(0.,0.,1.));
#6265 = DIRECTION('',(1.,0.,0.));
#6266 = ( GEOMETRIC_REPRESENTATION_CONTEXT(3) 
GLOBAL_UNCERTAINTY_ASSIGNED_CONTEXT((#6270)) 
GLOBAL_UNIT_ASSIGNED_CONTEXT((#6267,#6268,#6269)) REPRESENTATION_CONTEXT
('Context #1','3D Context with UNIT and UNCERTAINTY') );
#6267 = ( LENGTH_UNIT() NAMED_UNIT(*) SI_UNIT(.MILLI.,.METRE.) );
#6268 = ( NAMED_UNIT(*) PLANE_ANGLE_UNIT() SI_UNIT($,.RADIAN.) );
#6269 = ( NAMED_UNIT(*) SI_UNIT($,.STERADIAN.) SOLID_ANGLE_UNIT() );
#6270 = UNCERTAINTY_MEASURE_WITH_UNIT(LENGTH_MEASURE(2.E-05),#6267,
  'distance_accuracy_value','confusion accuracy');
#6271 = CONTEXT_DEPENDENT_SHAPE_REPRESENTATION(#6272,#6274);
#6272 = ( REPRESENTATION_RELATIONSHIP('','',#4095,#10) 
REPRESENTATION_RELATIONSHIP_WITH_TRANSFORMATION(#6273) 
SHAPE_REPRESENTATION_RELATIONSHIP() );
#6273 = ITEM_DEFINED_TRANSFORMATION('','',#11,#19);
#6274 = PRODUCT_DEFINITION_SHAPE('Placement','Placement of an item',
  #6275);
#6275 = NEXT_ASSEMBLY_USAGE_OCCURRENCE('2','Top','',#5,#4090,$);
#6276 = PRODUCT_RELATED_PRODUCT_CATEGORY('part',$,(#4092));
#6277 = MECHANICAL_DESIGN_GEOMETRIC_PRESENTATION_REPRESENTATION('',(
    #6278),#6266);
#6278 = STYLED_ITEM('color',(#6279),#4096);
#6279 = PRESENTATION_STYLE_ASSIGNMENT((#6280,#6286));
#6280 = SURFACE_STYLE_USAGE(.BOTH.,#6281);
#6281 = SURFACE_SIDE_STYLE('',(#6282));
#6282 = SURFACE_STYLE_FILL_AREA(#6283);
#6283 = FILL_AREA_STYLE('',(#6284));
#6284 = FILL_AREA_STYLE_COLOUR('',#6285);
#6285 = COLOUR_RGB('',0.678431390124,0.709803936702,0.741176476869);
#6286 = CURVE_STYLE('',#6287,POSITIVE_LENGTH_MEASURE(0.1),#6288);
#6287 = DRAUGHTING_PRE_DEFINED_CURVE_FONT('continuous');
#6288 = COLOUR_RGB('',9.803921802644E-02,9.803921802644E-02,
  9.803921802644E-02);
#6289 = MECHANICAL_DESIGN_GEOMETRIC_PRESENTATION_REPRESENTATION('',(
    #6290),#4077);
#6290 = STYLED_ITEM('color',(#6291),#37);
#6291 = PRESENTATION_STYLE_ASSIGNMENT((#6292,#6299));
#6292 = SURFACE_STYLE_USAGE(.BOTH.,#6293);
#6293 = SURFACE_SIDE_STYLE('',(#6294,#6297));
#6294 = SURFACE_STYLE_FILL_AREA(#6295);
#6295 = FILL_AREA_STYLE('',(#6296));
#6296 = FILL_AREA_STYLE_COLOUR('',#6285);
#6297 = SURFACE_STYLE_RENDERING_WITH_PROPERTIES(.NORMAL_SHADING.,#6285,(
    #6298));
#6298 = SURFACE_STYLE_TRANSPARENT(0.699999988079);
#6299 = CURVE_STYLE('',#6300,POSITIVE_LENGTH_MEASURE(0.1),#6288);
#6300 = DRAUGHTING_PRE_DEFINED_CURVE_FONT('continuous');
ENDSEC;
END-ISO-10303-21;
